tra_cov,aircraft,distance,geo,TIME_PERIOD,Number of Passengers,Number of Flights
INTL,AC_JJ,KM1000-1499,IE,2008,62358,331
INTL,AC_JJ,KM1000-1499,IE,2009,31836,175
INTL,AC_JJ,KM1000-1499,IE,2010,12687,70
INTL,AC_JJ,KM1000-1499,IE,2011,9886,53
INTL,AC_JJ,KM1000-1499,IE,2012,8710,48
INTL,AC_JJ,KM1000-1499,IE,2013,5367,28
INTL,AC_JJ,KM1000-1499,IE,2014,5059,27
INTL,AC_JJ,KM1000-1499,IE,2015,1817,11
INTL,AC_JJ,KM1000-1499,IE,2016,0,0
INTL,AC_JJ,KM1000-1499,IE,2017,3312,22
INTL,AC_JJ,KM1000-1499,IE,2018,342,2
INTL,AC_JJ,KM1000-1499,IE,2019,1095,8
INTL,AC_JJ,KM1000-1499,IE,2020,529,4
INTL,AC_JJ,KM1000-1499,UK,2008,3083938,18858
INTL,AC_JJ,KM1000-1499,UK,2009,2049461,12970
INTL,AC_JJ,KM1000-1499,UK,2010,1582968,8933
INTL,AC_JJ,KM1000-1499,UK,2011,1198971,5816
INTL,AC_JJ,KM1000-1499,UK,2012,976359,4688
INTL,AC_JJ,KM1000-1499,UK,2013,872069,4330
INTL,AC_JJ,KM1000-1499,UK,2014,896281,4481
INTL,AC_JJ,KM1000-1499,UK,2015,675558,3408
INTL,AC_JJ,KM1000-1499,UK,2016,610891,3073
INTL,AC_JJ,KM1000-1499,UK,2017,674159,3404
INTL,AC_JJ,KM1000-1499,UK,2018,592230,3058
INTL,AC_JJ,KM1000-1499,UK,2019,502257,2669
INTL,AC_JJ,KM1000-1499,UK,2020,75403,441
INTL,AC_JJ,KM1500-1999,IE,2008,126242,616
INTL,AC_JJ,KM1500-1999,IE,2009,85643,420
INTL,AC_JJ,KM1500-1999,IE,2010,11070,64
INTL,AC_JJ,KM1500-1999,IE,2011,9828,60
INTL,AC_JJ,KM1500-1999,IE,2012,3128,18
INTL,AC_JJ,KM1500-1999,IE,2013,5873,34
INTL,AC_JJ,KM1500-1999,IE,2014,4257,26
INTL,AC_JJ,KM1500-1999,IE,2015,5479,31
INTL,AC_JJ,KM1500-1999,IE,2016,5255,32
INTL,AC_JJ,KM1500-1999,IE,2017,7682,46
INTL,AC_JJ,KM1500-1999,IE,2018,51890,324
INTL,AC_JJ,KM1500-1999,IE,2019,122966,779
INTL,AC_JJ,KM1500-1999,IE,2020,19259,137
INTL,AC_JJ,KM1500-1999,UK,2008,3401491,18248
INTL,AC_JJ,KM1500-1999,UK,2009,2731438,14798
INTL,AC_JJ,KM1500-1999,UK,2010,2181633,11181
INTL,AC_JJ,KM1500-1999,UK,2011,2347447,11583
INTL,AC_JJ,KM1500-1999,UK,2012,2094227,10180
INTL,AC_JJ,KM1500-1999,UK,2013,1845145,9319
INTL,AC_JJ,KM1500-1999,UK,2014,1684169,8635
INTL,AC_JJ,KM1500-1999,UK,2015,1522954,7808
INTL,AC_JJ,KM1500-1999,UK,2016,1493345,7803
INTL,AC_JJ,KM1500-1999,UK,2017,1614520,8229
INTL,AC_JJ,KM1500-1999,UK,2018,1505972,7634
INTL,AC_JJ,KM1500-1999,UK,2019,1242450,6393
INTL,AC_JJ,KM1500-1999,UK,2020,107071,770
INTL,AC_JJ,KM300-499,IE,2008,9754,75
INTL,AC_JJ,KM300-499,IE,2009,2330,14
INTL,AC_JJ,KM300-499,IE,2010,657,6
INTL,AC_JJ,KM300-499,IE,2011,5110,40
INTL,AC_JJ,KM300-499,IE,2012,960,5
INTL,AC_JJ,KM300-499,IE,2013,736,6
INTL,AC_JJ,KM300-499,IE,2014,598,4
INTL,AC_JJ,KM300-499,IE,2015,399,2
INTL,AC_JJ,KM300-499,IE,2016,0,0
INTL,AC_JJ,KM300-499,IE,2017,565,4
INTL,AC_JJ,KM300-499,IE,2018,162,1
INTL,AC_JJ,KM300-499,IE,2019,345,2
INTL,AC_JJ,KM300-499,IE,2020,96,2
INTL,AC_JJ,KM300-499,UK,2008,20427,190
INTL,AC_JJ,KM300-499,UK,2009,22661,248
INTL,AC_JJ,KM300-499,UK,2010,47151,145
INTL,AC_JJ,KM300-499,UK,2011,6404,51
INTL,AC_JJ,KM300-499,UK,2012,3481,28
INTL,AC_JJ,KM300-499,UK,2013,2263,13
INTL,AC_JJ,KM300-499,UK,2014,3435,24
INTL,AC_JJ,KM300-499,UK,2015,2068,22
INTL,AC_JJ,KM300-499,UK,2016,1179,11
INTL,AC_JJ,KM300-499,UK,2017,1581,12
INTL,AC_JJ,KM300-499,UK,2018,1103,7
INTL,AC_JJ,KM300-499,UK,2019,698,6
INTL,AC_JJ,KM300-499,UK,2020,0,0
INTL,AC_JJ,KM500-999,IE,2008,1136,9
INTL,AC_JJ,KM500-999,IE,2009,1287,6
INTL,AC_JJ,KM500-999,IE,2010,2118,15
INTL,AC_JJ,KM500-999,IE,2011,4298,35
INTL,AC_JJ,KM500-999,IE,2012,706,5
INTL,AC_JJ,KM500-999,IE,2013,312,3
INTL,AC_JJ,KM500-999,IE,2014,1722,6
INTL,AC_JJ,KM500-999,IE,2015,1789,10
INTL,AC_JJ,KM500-999,IE,2016,1116,5
INTL,AC_JJ,KM500-999,IE,2017,1466,5
INTL,AC_JJ,KM500-999,IE,2018,212,2
INTL,AC_JJ,KM500-999,IE,2019,0,0
INTL,AC_JJ,KM500-999,IE,2020,776,4
INTL,AC_JJ,KM500-999,UK,2008,401476,2364
INTL,AC_JJ,KM500-999,UK,2009,237169,1247
INTL,AC_JJ,KM500-999,UK,2010,209999,1062
INTL,AC_JJ,KM500-999,UK,2011,227353,1173
INTL,AC_JJ,KM500-999,UK,2012,199899,993
INTL,AC_JJ,KM500-999,UK,2013,205520,1066
INTL,AC_JJ,KM500-999,UK,2014,176399,902
INTL,AC_JJ,KM500-999,UK,2015,117108,585
INTL,AC_JJ,KM500-999,UK,2016,120240,614
INTL,AC_JJ,KM500-999,UK,2017,120736,612
INTL,AC_JJ,KM500-999,UK,2018,111786,566
INTL,AC_JJ,KM500-999,UK,2019,77976,454
INTL,AC_JJ,KM500-999,UK,2020,35783,193
INTL,AC_JJ,KM_GE2000,IE,2008,741337,4862
INTL,AC_JJ,KM_GE2000,IE,2009,652758,4032
INTL,AC_JJ,KM_GE2000,IE,2010,489779,3189
INTL,AC_JJ,KM_GE2000,IE,2011,588820,3866
INTL,AC_JJ,KM_GE2000,IE,2012,493277,3213
INTL,AC_JJ,KM_GE2000,IE,2013,581847,3761
INTL,AC_JJ,KM_GE2000,IE,2014,840521,5604
INTL,AC_JJ,KM_GE2000,IE,2015,844419,5749
INTL,AC_JJ,KM_GE2000,IE,2016,880241,5983
INTL,AC_JJ,KM_GE2000,IE,2017,828701,5895
INTL,AC_JJ,KM_GE2000,IE,2018,782086,5383
INTL,AC_JJ,KM_GE2000,IE,2019,682512,4567
INTL,AC_JJ,KM_GE2000,IE,2020,18572,161
INTL,AC_JJ,KM_GE2000,UK,2008,10226737,51481
INTL,AC_JJ,KM_GE2000,UK,2009,9527345,46022
INTL,AC_JJ,KM_GE2000,UK,2010,10581329,49921
INTL,AC_JJ,KM_GE2000,UK,2011,11292004,52463
INTL,AC_JJ,KM_GE2000,UK,2012,11086880,49175
INTL,AC_JJ,KM_GE2000,UK,2013,10992964,46264
INTL,AC_JJ,KM_GE2000,UK,2014,11239633,44841
INTL,AC_JJ,KM_GE2000,UK,2015,11950248,43965
INTL,AC_JJ,KM_GE2000,UK,2016,12934729,45178
INTL,AC_JJ,KM_GE2000,UK,2017,14395703,47819
INTL,AC_JJ,KM_GE2000,UK,2018,13428009,43476
INTL,AC_JJ,KM_GE2000,UK,2019,12342174,38088
INTL,AC_JJ,KM_GE2000,UK,2020,2432245,7858
INTL,AC_JJ,KM_LT300,IE,2008,678,7
INTL,AC_JJ,KM_LT300,IE,2009,40,1
INTL,AC_JJ,KM_LT300,IE,2010,1027,7
INTL,AC_JJ,KM_LT300,IE,2011,1310,7
INTL,AC_JJ,KM_LT300,IE,2012,749,4
INTL,AC_JJ,KM_LT300,IE,2013,530,2
INTL,AC_JJ,KM_LT300,IE,2014,154,1
INTL,AC_JJ,KM_LT300,IE,2015,96,1
INTL,AC_JJ,KM_LT300,IE,2016,118,1
INTL,AC_JJ,KM_LT300,IE,2017,0,0
INTL,AC_JJ,KM_LT300,IE,2018,90,1
INTL,AC_JJ,KM_LT300,IE,2019,0,0
INTL,AC_JJ,KM_LT300,IE,2020,72,1
INTL,AC_JJ,KM_LT300,UK,2008,471,6
INTL,AC_JJ,KM_LT300,UK,2009,33,1
INTL,AC_JJ,KM_LT300,UK,2010,479,3
INTL,AC_JJ,KM_LT300,UK,2011,1221,6
INTL,AC_JJ,KM_LT300,UK,2012,451,2
INTL,AC_JJ,KM_LT300,UK,2013,165,1
INTL,AC_JJ,KM_LT300,UK,2014,0,0
INTL,AC_JJ,KM_LT300,UK,2015,96,1
INTL,AC_JJ,KM_LT300,UK,2016,0,0
INTL,AC_JJ,KM_LT300,UK,2017,206,4
INTL,AC_JJ,KM_LT300,UK,2018,125,2
INTL,AC_JJ,KM_LT300,UK,2019,164,2
INTL,AC_JJ,KM_LT300,UK,2020,71,1
INTL,AC_NJ,KM1000-1499,IE,2008,4432156,34058
INTL,AC_NJ,KM1000-1499,IE,2009,3872443,28796
INTL,AC_NJ,KM1000-1499,IE,2010,3530238,25556
INTL,AC_NJ,KM1000-1499,IE,2011,3560743,26088
INTL,AC_NJ,KM1000-1499,IE,2012,3764348,27293
INTL,AC_NJ,KM1000-1499,IE,2013,3955130,28372
INTL,AC_NJ,KM1000-1499,IE,2014,4222352,29895
INTL,AC_NJ,KM1000-1499,IE,2015,4795481,32300
INTL,AC_NJ,KM1000-1499,IE,2016,5167454,33842
INTL,AC_NJ,KM1000-1499,IE,2017,5388778,35451
INTL,AC_NJ,KM1000-1499,IE,2018,5930060,39581
INTL,AC_NJ,KM1000-1499,IE,2019,6125130,40962
INTL,AC_NJ,KM1000-1499,IE,2020,1176451,11734
INTL,AC_NJ,KM1000-1499,UK,2008,32200279,256834
INTL,AC_NJ,KM1000-1499,UK,2009,29857328,232617
INTL,AC_NJ,KM1000-1499,UK,2010,28392481,216007
INTL,AC_NJ,KM1000-1499,UK,2011,30829365,233715
INTL,AC_NJ,KM1000-1499,UK,2012,32210918,239577
INTL,AC_NJ,KM1000-1499,UK,2013,33791476,246994
INTL,AC_NJ,KM1000-1499,UK,2014,35605242,253088
INTL,AC_NJ,KM1000-1499,UK,2015,39205080,268969
INTL,AC_NJ,KM1000-1499,UK,2016,43445039,295151
INTL,AC_NJ,KM1000-1499,UK,2017,45886998,304200
INTL,AC_NJ,KM1000-1499,UK,2018,47028326,309671
INTL,AC_NJ,KM1000-1499,UK,2019,47953492,310181
INTL,AC_NJ,KM1000-1499,UK,2020,10434038,91189
INTL,AC_NJ,KM1500-1999,IE,2008,4871595,33216
INTL,AC_NJ,KM1500-1999,IE,2009,3778687,24506
INTL,AC_NJ,KM1500-1999,IE,2010,3785481,24440
INTL,AC_NJ,KM1500-1999,IE,2011,3696401,24146
INTL,AC_NJ,KM1500-1999,IE,2012,3823146,25066
INTL,AC_NJ,KM1500-1999,IE,2013,3920680,25599
INTL,AC_NJ,KM1500-1999,IE,2014,3995468,25640
INTL,AC_NJ,KM1500-1999,IE,2015,4414552,26866
INTL,AC_NJ,KM1500-1999,IE,2016,4988930,30240
INTL,AC_NJ,KM1500-1999,IE,2017,5265847,31819
INTL,AC_NJ,KM1500-1999,IE,2018,5428726,32484
INTL,AC_NJ,KM1500-1999,IE,2019,5928006,35858
INTL,AC_NJ,KM1500-1999,IE,2020,1305518,12759
INTL,AC_NJ,KM1500-1999,UK,2008,21292751,156789
INTL,AC_NJ,KM1500-1999,UK,2009,19434402,142230
INTL,AC_NJ,KM1500-1999,UK,2010,18792907,135286
INTL,AC_NJ,KM1500-1999,UK,2011,20182487,144010
INTL,AC_NJ,KM1500-1999,UK,2012,20492881,139552
INTL,AC_NJ,KM1500-1999,UK,2013,22394942,150429
INTL,AC_NJ,KM1500-1999,UK,2014,23940336,157709
INTL,AC_NJ,KM1500-1999,UK,2015,25568728,163863
INTL,AC_NJ,KM1500-1999,UK,2016,29502780,188641
INTL,AC_NJ,KM1500-1999,UK,2017,33285983,208498
INTL,AC_NJ,KM1500-1999,UK,2018,33455502,206985
INTL,AC_NJ,KM1500-1999,UK,2019,34539131,211109
INTL,AC_NJ,KM1500-1999,UK,2020,7310203,63902
INTL,AC_NJ,KM300-499,IE,2008,7587947,60662
INTL,AC_NJ,KM300-499,IE,2009,6362894,48581
INTL,AC_NJ,KM300-499,IE,2010,5557262,41717
INTL,AC_NJ,KM300-499,IE,2011,5519605,41511
INTL,AC_NJ,KM300-499,IE,2012,5302771,41940
INTL,AC_NJ,KM300-499,IE,2013,5388819,42103
INTL,AC_NJ,KM300-499,IE,2014,5650372,42817
INTL,AC_NJ,KM300-499,IE,2015,6305593,45317
INTL,AC_NJ,KM300-499,IE,2016,6886810,47809
INTL,AC_NJ,KM300-499,IE,2017,6988518,48034
INTL,AC_NJ,KM300-499,IE,2018,7129149,49544
INTL,AC_NJ,KM300-499,IE,2019,7234410,50005
INTL,AC_NJ,KM300-499,IE,2020,1739814,16423
INTL,AC_NJ,KM300-499,UK,2008,15120156,131853
INTL,AC_NJ,KM300-499,UK,2009,13355816,114710
INTL,AC_NJ,KM300-499,UK,2010,11842267,100387
INTL,AC_NJ,KM300-499,UK,2011,12446807,104657
INTL,AC_NJ,KM300-499,UK,2012,12304082,105256
INTL,AC_NJ,KM300-499,UK,2013,12836467,107514
INTL,AC_NJ,KM300-499,UK,2014,13602910,110636
INTL,AC_NJ,KM300-499,UK,2015,15125521,117726
INTL,AC_NJ,KM300-499,UK,2016,15856019,119673
INTL,AC_NJ,KM300-499,UK,2017,16456586,121153
INTL,AC_NJ,KM300-499,UK,2018,16741588,123574
INTL,AC_NJ,KM300-499,UK,2019,16945304,120346
INTL,AC_NJ,KM300-499,UK,2020,4071568,37755
INTL,AC_NJ,KM500-999,IE,2008,4571706,34003
INTL,AC_NJ,KM500-999,IE,2009,3684039,27571
INTL,AC_NJ,KM500-999,IE,2010,3772438,28165
INTL,AC_NJ,KM500-999,IE,2011,3834816,28697
INTL,AC_NJ,KM500-999,IE,2012,3906505,29653
INTL,AC_NJ,KM500-999,IE,2013,4041493,30285
INTL,AC_NJ,KM500-999,IE,2014,4225334,31365
INTL,AC_NJ,KM500-999,IE,2015,4779860,34151
INTL,AC_NJ,KM500-999,IE,2016,5165811,35533
INTL,AC_NJ,KM500-999,IE,2017,5168591,35172
INTL,AC_NJ,KM500-999,IE,2018,5456191,37156
INTL,AC_NJ,KM500-999,IE,2019,5722544,38828
INTL,AC_NJ,KM500-999,IE,2020,1386683,14644
INTL,AC_NJ,KM500-999,UK,2008,25050995,220746
INTL,AC_NJ,KM500-999,UK,2009,24493369,217455
INTL,AC_NJ,KM500-999,UK,2010,24357033,212477
INTL,AC_NJ,KM500-999,UK,2011,25854643,224515
INTL,AC_NJ,KM500-999,UK,2012,26551735,228476
INTL,AC_NJ,KM500-999,UK,2013,27223883,223618
INTL,AC_NJ,KM500-999,UK,2014,28252407,227381
INTL,AC_NJ,KM500-999,UK,2015,30576458,242687
INTL,AC_NJ,KM500-999,UK,2016,31980390,251934
INTL,AC_NJ,KM500-999,UK,2017,33140348,256447
INTL,AC_NJ,KM500-999,UK,2018,33961569,257620
INTL,AC_NJ,KM500-999,UK,2019,34010677,250081
INTL,AC_NJ,KM500-999,UK,2020,8178071,76743
INTL,AC_NJ,KM_GE2000,IE,2008,1891193,12511
INTL,AC_NJ,KM_GE2000,IE,2009,1477135,9328
INTL,AC_NJ,KM_GE2000,IE,2010,1425537,9410
INTL,AC_NJ,KM_GE2000,IE,2011,1613913,10829
INTL,AC_NJ,KM_GE2000,IE,2012,1556826,10133
INTL,AC_NJ,KM_GE2000,IE,2013,1642014,10845
INTL,AC_NJ,KM_GE2000,IE,2014,1745437,11580
INTL,AC_NJ,KM_GE2000,IE,2015,2004571,12753
INTL,AC_NJ,KM_GE2000,IE,2016,2246333,14121
INTL,AC_NJ,KM_GE2000,IE,2017,2727283,17126
INTL,AC_NJ,KM_GE2000,IE,2018,3187559,20146
INTL,AC_NJ,KM_GE2000,IE,2019,3663256,22029
INTL,AC_NJ,KM_GE2000,IE,2020,916763,8381
INTL,AC_NJ,KM_GE2000,UK,2008,31626726,168871
INTL,AC_NJ,KM_GE2000,UK,2009,29814810,165584
INTL,AC_NJ,KM_GE2000,UK,2010,29375806,166277
INTL,AC_NJ,KM_GE2000,UK,2011,30477910,172215
INTL,AC_NJ,KM_GE2000,UK,2012,30504505,168876
INTL,AC_NJ,KM_GE2000,UK,2013,32935800,183596
INTL,AC_NJ,KM_GE2000,UK,2014,36993374,211398
INTL,AC_NJ,KM_GE2000,UK,2015,40793939,230901
INTL,AC_NJ,KM_GE2000,UK,2016,44603629,250945
INTL,AC_NJ,KM_GE2000,UK,2017,50283184,277841
INTL,AC_NJ,KM_GE2000,UK,2018,55090028,299464
INTL,AC_NJ,KM_GE2000,UK,2019,57817776,308265
INTL,AC_NJ,KM_GE2000,UK,2020,14169082,99025
INTL,AC_NJ,KM_LT300,IE,2008,1444673,11853
INTL,AC_NJ,KM_LT300,IE,2009,1241598,9661
INTL,AC_NJ,KM_LT300,IE,2010,1029557,8189
INTL,AC_NJ,KM_LT300,IE,2011,1004957,8166
INTL,AC_NJ,KM_LT300,IE,2012,996721,8625
INTL,AC_NJ,KM_LT300,IE,2013,990283,8261
INTL,AC_NJ,KM_LT300,IE,2014,1109622,8496
INTL,AC_NJ,KM_LT300,IE,2015,1434060,10039
INTL,AC_NJ,KM_LT300,IE,2016,1717173,11979
INTL,AC_NJ,KM_LT300,IE,2017,1631914,10655
INTL,AC_NJ,KM_LT300,IE,2018,1626088,10719
INTL,AC_NJ,KM_LT300,IE,2019,1646605,10821
INTL,AC_NJ,KM_LT300,IE,2020,411855,3931
INTL,AC_NJ,KM_LT300,UK,2008,1457625,12157
INTL,AC_NJ,KM_LT300,UK,2009,1242703,9675
INTL,AC_NJ,KM_LT300,UK,2010,1032275,8211
INTL,AC_NJ,KM_LT300,UK,2011,1003085,8173
INTL,AC_NJ,KM_LT300,UK,2012,1100636,9611
INTL,AC_NJ,KM_LT300,UK,2013,1137057,9513
INTL,AC_NJ,KM_LT300,UK,2014,1308239,10027
INTL,AC_NJ,KM_LT300,UK,2015,1663013,11712
INTL,AC_NJ,KM_LT300,UK,2016,1922315,13551
INTL,AC_NJ,KM_LT300,UK,2017,1812671,12226
INTL,AC_NJ,KM_LT300,UK,2018,1883073,13330
INTL,AC_NJ,KM_LT300,UK,2019,1930826,13576
INTL,AC_NJ,KM_LT300,UK,2020,453747,4436
INTL,AC_RJ,KM1000-1499,IE,2008,18038,445
INTL,AC_RJ,KM1000-1499,IE,2009,8550,171
INTL,AC_RJ,KM1000-1499,IE,2010,17413,501
INTL,AC_RJ,KM1000-1499,IE,2011,32116,857
INTL,AC_RJ,KM1000-1499,IE,2012,14304,284
INTL,AC_RJ,KM1000-1499,IE,2013,10976,158
INTL,AC_RJ,KM1000-1499,IE,2014,8324,120
INTL,AC_RJ,KM1000-1499,IE,2015,8392,111
INTL,AC_RJ,KM1000-1499,IE,2016,17093,224
INTL,AC_RJ,KM1000-1499,IE,2017,16713,217
INTL,AC_RJ,KM1000-1499,IE,2018,6507,88
INTL,AC_RJ,KM1000-1499,IE,2019,5856,108
INTL,AC_RJ,KM1000-1499,IE,2020,1299,36
INTL,AC_RJ,KM1000-1499,UK,2008,1169029,22689
INTL,AC_RJ,KM1000-1499,UK,2009,1023602,18535
INTL,AC_RJ,KM1000-1499,UK,2010,797974,13362
INTL,AC_RJ,KM1000-1499,UK,2011,974583,16150
INTL,AC_RJ,KM1000-1499,UK,2012,1088895,17350
INTL,AC_RJ,KM1000-1499,UK,2013,1141811,18227
INTL,AC_RJ,KM1000-1499,UK,2014,1161820,16785
INTL,AC_RJ,KM1000-1499,UK,2015,987606,13985
INTL,AC_RJ,KM1000-1499,UK,2016,1189379,17550
INTL,AC_RJ,KM1000-1499,UK,2017,1430029,21131
INTL,AC_RJ,KM1000-1499,UK,2018,1254783,17329
INTL,AC_RJ,KM1000-1499,UK,2019,1218623,15834
INTL,AC_RJ,KM1000-1499,UK,2020,185480,3198
INTL,AC_RJ,KM1500-1999,IE,2008,16457,401
INTL,AC_RJ,KM1500-1999,IE,2009,10971,179
INTL,AC_RJ,KM1500-1999,IE,2010,10823,177
INTL,AC_RJ,KM1500-1999,IE,2011,14007,207
INTL,AC_RJ,KM1500-1999,IE,2012,12987,177
INTL,AC_RJ,KM1500-1999,IE,2013,10530,114
INTL,AC_RJ,KM1500-1999,IE,2014,3415,37
INTL,AC_RJ,KM1500-1999,IE,2015,7138,79
INTL,AC_RJ,KM1500-1999,IE,2016,2645,34
INTL,AC_RJ,KM1500-1999,IE,2017,5905,83
INTL,AC_RJ,KM1500-1999,IE,2018,2376,32
INTL,AC_RJ,KM1500-1999,IE,2019,4008,49
INTL,AC_RJ,KM1500-1999,IE,2020,17608,272
INTL,AC_RJ,KM1500-1999,UK,2008,225393,2894
INTL,AC_RJ,KM1500-1999,UK,2009,191418,2394
INTL,AC_RJ,KM1500-1999,UK,2010,276283,3582
INTL,AC_RJ,KM1500-1999,UK,2011,309471,4077
INTL,AC_RJ,KM1500-1999,UK,2012,375875,4649
INTL,AC_RJ,KM1500-1999,UK,2013,428761,5216
INTL,AC_RJ,KM1500-1999,UK,2014,454995,5676
INTL,AC_RJ,KM1500-1999,UK,2015,420309,5116
INTL,AC_RJ,KM1500-1999,UK,2016,498431,6197
INTL,AC_RJ,KM1500-1999,UK,2017,690404,8161
INTL,AC_RJ,KM1500-1999,UK,2018,717299,8455
INTL,AC_RJ,KM1500-1999,UK,2019,576446,7120
INTL,AC_RJ,KM1500-1999,UK,2020,69532,1361
INTL,AC_RJ,KM300-499,IE,2008,190811,4702
INTL,AC_RJ,KM300-499,IE,2009,195759,3827
INTL,AC_RJ,KM300-499,IE,2010,218545,3854
INTL,AC_RJ,KM300-499,IE,2011,216601,3777
INTL,AC_RJ,KM300-499,IE,2012,177933,3253
INTL,AC_RJ,KM300-499,IE,2013,166928,2752
INTL,AC_RJ,KM300-499,IE,2014,264329,4512
INTL,AC_RJ,KM300-499,IE,2015,368938,5912
INTL,AC_RJ,KM300-499,IE,2016,426959,6572
INTL,AC_RJ,KM300-499,IE,2017,494523,7189
INTL,AC_RJ,KM300-499,IE,2018,451602,6467
INTL,AC_RJ,KM300-499,IE,2019,412328,6404
INTL,AC_RJ,KM300-499,IE,2020,64145,1276
INTL,AC_RJ,KM300-499,UK,2008,1729957,35782
INTL,AC_RJ,KM300-499,UK,2009,1738813,35508
INTL,AC_RJ,KM300-499,UK,2010,1633530,29770
INTL,AC_RJ,KM300-499,UK,2011,1638230,27996
INTL,AC_RJ,KM300-499,UK,2012,1546894,26462
INTL,AC_RJ,KM300-499,UK,2013,1494647,24666
INTL,AC_RJ,KM300-499,UK,2014,1785717,29891
INTL,AC_RJ,KM300-499,UK,2015,2113866,33388
INTL,AC_RJ,KM300-499,UK,2016,2560374,40434
INTL,AC_RJ,KM300-499,UK,2017,2635059,39264
INTL,AC_RJ,KM300-499,UK,2018,2625103,37242
INTL,AC_RJ,KM300-499,UK,2019,2737680,37415
INTL,AC_RJ,KM300-499,UK,2020,494777,8726
INTL,AC_RJ,KM500-999,IE,2008,387373,7355
INTL,AC_RJ,KM500-999,IE,2009,365818,6081
INTL,AC_RJ,KM500-999,IE,2010,327931,4765
INTL,AC_RJ,KM500-999,IE,2011,361760,5509
INTL,AC_RJ,KM500-999,IE,2012,316107,4277
INTL,AC_RJ,KM500-999,IE,2013,293871,3787
INTL,AC_RJ,KM500-999,IE,2014,300716,3902
INTL,AC_RJ,KM500-999,IE,2015,308406,4259
INTL,AC_RJ,KM500-999,IE,2016,334818,4582
INTL,AC_RJ,KM500-999,IE,2017,451626,5481
INTL,AC_RJ,KM500-999,IE,2018,461007,5653
INTL,AC_RJ,KM500-999,IE,2019,419877,4742
INTL,AC_RJ,KM500-999,IE,2020,77470,1253
INTL,AC_RJ,KM500-999,UK,2008,3817469,82115
INTL,AC_RJ,KM500-999,UK,2009,3027394,63145
INTL,AC_RJ,KM500-999,UK,2010,2948845,56681
INTL,AC_RJ,KM500-999,UK,2011,3410999,63725
INTL,AC_RJ,KM500-999,UK,2012,3478301,62734
INTL,AC_RJ,KM500-999,UK,2013,3474944,58637
INTL,AC_RJ,KM500-999,UK,2014,3579245,57606
INTL,AC_RJ,KM500-999,UK,2015,3066997,49238
INTL,AC_RJ,KM500-999,UK,2016,3396861,56713
INTL,AC_RJ,KM500-999,UK,2017,3132235,50641
INTL,AC_RJ,KM500-999,UK,2018,2888369,44836
INTL,AC_RJ,KM500-999,UK,2019,2892782,42470
INTL,AC_RJ,KM500-999,UK,2020,622237,11841
INTL,AC_RJ,KM_GE2000,IE,2008,3489,198
INTL,AC_RJ,KM_GE2000,IE,2009,686,127
INTL,AC_RJ,KM_GE2000,IE,2010,574,118
INTL,AC_RJ,KM_GE2000,IE,2011,563,121
INTL,AC_RJ,KM_GE2000,IE,2012,541,80
INTL,AC_RJ,KM_GE2000,IE,2013,4099,46
INTL,AC_RJ,KM_GE2000,IE,2014,9860,117
INTL,AC_RJ,KM_GE2000,IE,2015,42673,491
INTL,AC_RJ,KM_GE2000,IE,2016,57881,730
INTL,AC_RJ,KM_GE2000,IE,2017,48896,609
INTL,AC_RJ,KM_GE2000,IE,2018,29601,366
INTL,AC_RJ,KM_GE2000,IE,2019,27114,332
INTL,AC_RJ,KM_GE2000,IE,2020,16399,259
INTL,AC_RJ,KM_GE2000,UK,2008,20633,758
INTL,AC_RJ,KM_GE2000,UK,2009,20603,781
INTL,AC_RJ,KM_GE2000,UK,2010,35102,938
INTL,AC_RJ,KM_GE2000,UK,2011,24869,741
INTL,AC_RJ,KM_GE2000,UK,2012,20942,674
INTL,AC_RJ,KM_GE2000,UK,2013,49008,945
INTL,AC_RJ,KM_GE2000,UK,2014,32930,693
INTL,AC_RJ,KM_GE2000,UK,2015,57741,1029
INTL,AC_RJ,KM_GE2000,UK,2016,64284,1041
INTL,AC_RJ,KM_GE2000,UK,2017,73330,1199
INTL,AC_RJ,KM_GE2000,UK,2018,64384,1010
INTL,AC_RJ,KM_GE2000,UK,2019,77806,1214
INTL,AC_RJ,KM_GE2000,UK,2020,18949,354
INTL,AC_RJ,KM_LT300,IE,2008,91,12
INTL,AC_RJ,KM_LT300,IE,2009,996,19
INTL,AC_RJ,KM_LT300,IE,2010,3117,66
INTL,AC_RJ,KM_LT300,IE,2011,2584,65
INTL,AC_RJ,KM_LT300,IE,2012,1734,57
INTL,AC_RJ,KM_LT300,IE,2013,1774,24
INTL,AC_RJ,KM_LT300,IE,2014,2050,27
INTL,AC_RJ,KM_LT300,IE,2015,2119,29
INTL,AC_RJ,KM_LT300,IE,2016,1338,17
INTL,AC_RJ,KM_LT300,IE,2017,902,12
INTL,AC_RJ,KM_LT300,IE,2018,2537,40
INTL,AC_RJ,KM_LT300,IE,2019,3107,48
INTL,AC_RJ,KM_LT300,IE,2020,58,2
INTL,AC_RJ,KM_LT300,UK,2008,114131,2062
INTL,AC_RJ,KM_LT300,UK,2009,99166,2073
INTL,AC_RJ,KM_LT300,UK,2010,124005,2307
INTL,AC_RJ,KM_LT300,UK,2011,127781,2185
INTL,AC_RJ,KM_LT300,UK,2012,125245,2177
INTL,AC_RJ,KM_LT300,UK,2013,170202,3541
INTL,AC_RJ,KM_LT300,UK,2014,152101,2938
INTL,AC_RJ,KM_LT300,UK,2015,144727,2570
INTL,AC_RJ,KM_LT300,UK,2016,147608,2574
INTL,AC_RJ,KM_LT300,UK,2017,135806,2333
INTL,AC_RJ,KM_LT300,UK,2018,80619,1258
INTL,AC_RJ,KM_LT300,UK,2019,79815,1153
INTL,AC_RJ,KM_LT300,UK,2020,7771,173
INTL,AC_RT,KM1000-1499,IE,2008,1899,129
INTL,AC_RT,KM1000-1499,IE,2009,777,73
INTL,AC_RT,KM1000-1499,IE,2010,434,86
INTL,AC_RT,KM1000-1499,IE,2011,1171,114
INTL,AC_RT,KM1000-1499,IE,2012,881,83
INTL,AC_RT,KM1000-1499,IE,2013,787,17
INTL,AC_RT,KM1000-1499,IE,2014,396,9
INTL,AC_RT,KM1000-1499,IE,2015,503,11
INTL,AC_RT,KM1000-1499,IE,2016,574,13
INTL,AC_RT,KM1000-1499,IE,2017,499,13
INTL,AC_RT,KM1000-1499,IE,2018,664,16
INTL,AC_RT,KM1000-1499,IE,2019,757,23
INTL,AC_RT,KM1000-1499,IE,2020,279,13
INTL,AC_RT,KM1000-1499,UK,2008,29905,588
INTL,AC_RT,KM1000-1499,UK,2009,44181,883
INTL,AC_RT,KM1000-1499,UK,2010,50383,1007
INTL,AC_RT,KM1000-1499,UK,2011,38230,795
INTL,AC_RT,KM1000-1499,UK,2012,37286,1000
INTL,AC_RT,KM1000-1499,UK,2013,39793,1208
INTL,AC_RT,KM1000-1499,UK,2014,61454,1357
INTL,AC_RT,KM1000-1499,UK,2015,53565,1212
INTL,AC_RT,KM1000-1499,UK,2016,70553,1408
INTL,AC_RT,KM1000-1499,UK,2017,53059,1062
INTL,AC_RT,KM1000-1499,UK,2018,67161,1250
INTL,AC_RT,KM1000-1499,UK,2019,45857,827
INTL,AC_RT,KM1000-1499,UK,2020,2464,72
INTL,AC_RT,KM1500-1999,IE,2008,500,62
INTL,AC_RT,KM1500-1999,IE,2009,85,24
INTL,AC_RT,KM1500-1999,IE,2010,109,28
INTL,AC_RT,KM1500-1999,IE,2011,167,24
INTL,AC_RT,KM1500-1999,IE,2012,192,18
INTL,AC_RT,KM1500-1999,IE,2013,20,1
INTL,AC_RT,KM1500-1999,IE,2014,381,11
INTL,AC_RT,KM1500-1999,IE,2015,1,1
INTL,AC_RT,KM1500-1999,IE,2016,3,2
INTL,AC_RT,KM1500-1999,IE,2017,40,1
INTL,AC_RT,KM1500-1999,IE,2018,2,1
INTL,AC_RT,KM1500-1999,IE,2019,2069,33
INTL,AC_RT,KM1500-1999,IE,2020,2,1
INTL,AC_RT,KM1500-1999,UK,2008,4050,87
INTL,AC_RT,KM1500-1999,UK,2009,1831,31
INTL,AC_RT,KM1500-1999,UK,2010,399,13
INTL,AC_RT,KM1500-1999,UK,2011,589,12
INTL,AC_RT,KM1500-1999,UK,2012,1215,21
INTL,AC_RT,KM1500-1999,UK,2013,166,3
INTL,AC_RT,KM1500-1999,UK,2014,1139,26
INTL,AC_RT,KM1500-1999,UK,2015,3170,48
INTL,AC_RT,KM1500-1999,UK,2016,1453,19
INTL,AC_RT,KM1500-1999,UK,2017,217,10
INTL,AC_RT,KM1500-1999,UK,2018,1775,18
INTL,AC_RT,KM1500-1999,UK,2019,4368,56
INTL,AC_RT,KM1500-1999,UK,2020,58,2
INTL,AC_RT,KM300-499,IE,2008,359637,9094
INTL,AC_RT,KM300-499,IE,2009,287555,7451
INTL,AC_RT,KM300-499,IE,2010,438284,10816
INTL,AC_RT,KM300-499,IE,2011,677866,15004
INTL,AC_RT,KM300-499,IE,2012,733878,15528
INTL,AC_RT,KM300-499,IE,2013,882843,18789
INTL,AC_RT,KM300-499,IE,2014,1000324,21498
INTL,AC_RT,KM300-499,IE,2015,1066827,20278
INTL,AC_RT,KM300-499,IE,2016,1139304,22047
INTL,AC_RT,KM300-499,IE,2017,1163748,21403
INTL,AC_RT,KM300-499,IE,2018,1133818,20477
INTL,AC_RT,KM300-499,IE,2019,1121827,20312
INTL,AC_RT,KM300-499,IE,2020,191707,4450
INTL,AC_RT,KM300-499,UK,2008,1721343,50343
INTL,AC_RT,KM300-499,UK,2009,1472397,41916
INTL,AC_RT,KM300-499,UK,2010,1621423,42604
INTL,AC_RT,KM300-499,UK,2011,1829281,45332
INTL,AC_RT,KM300-499,UK,2012,1926882,47447
INTL,AC_RT,KM300-499,UK,2013,2060805,49458
INTL,AC_RT,KM300-499,UK,2014,2158121,50871
INTL,AC_RT,KM300-499,UK,2015,1785990,38211
INTL,AC_RT,KM300-499,UK,2016,1709537,35777
INTL,AC_RT,KM300-499,UK,2017,1834673,35271
INTL,AC_RT,KM300-499,UK,2018,1848552,33713
INTL,AC_RT,KM300-499,UK,2019,1816690,32863
INTL,AC_RT,KM300-499,UK,2020,298139,7001
INTL,AC_RT,KM500-999,IE,2008,217073,4889
INTL,AC_RT,KM500-999,IE,2009,100383,2192
INTL,AC_RT,KM500-999,IE,2010,150552,3735
INTL,AC_RT,KM500-999,IE,2011,132828,3139
INTL,AC_RT,KM500-999,IE,2012,148907,3715
INTL,AC_RT,KM500-999,IE,2013,162517,3943
INTL,AC_RT,KM500-999,IE,2014,214763,4611
INTL,AC_RT,KM500-999,IE,2015,130293,2541
INTL,AC_RT,KM500-999,IE,2016,182430,3817
INTL,AC_RT,KM500-999,IE,2017,197442,3868
INTL,AC_RT,KM500-999,IE,2018,212073,4105
INTL,AC_RT,KM500-999,IE,2019,152090,2822
INTL,AC_RT,KM500-999,IE,2020,18009,420
INTL,AC_RT,KM500-999,UK,2008,868239,22402
INTL,AC_RT,KM500-999,UK,2009,1104740,29152
INTL,AC_RT,KM500-999,UK,2010,1180088,29598
INTL,AC_RT,KM500-999,UK,2011,1099551,27598
INTL,AC_RT,KM500-999,UK,2012,827881,22500
INTL,AC_RT,KM500-999,UK,2013,807181,21229
INTL,AC_RT,KM500-999,UK,2014,695548,16923
INTL,AC_RT,KM500-999,UK,2015,532188,13176
INTL,AC_RT,KM500-999,UK,2016,729784,17758
INTL,AC_RT,KM500-999,UK,2017,890552,18892
INTL,AC_RT,KM500-999,UK,2018,1006572,19454
INTL,AC_RT,KM500-999,UK,2019,743728,14849
INTL,AC_RT,KM500-999,UK,2020,103998,2865
INTL,AC_RT,KM_GE2000,IE,2008,180,26
INTL,AC_RT,KM_GE2000,IE,2009,122,19
INTL,AC_RT,KM_GE2000,IE,2010,72,29
INTL,AC_RT,KM_GE2000,IE,2011,29,6
INTL,AC_RT,KM_GE2000,IE,2012,12,8
INTL,AC_RT,KM_GE2000,IE,2013,2,1
INTL,AC_RT,KM_GE2000,IE,2014,0,0
INTL,AC_RT,KM_GE2000,IE,2015,1,1
INTL,AC_RT,KM_GE2000,IE,2016,12,3
INTL,AC_RT,KM_GE2000,IE,2017,6,3
INTL,AC_RT,KM_GE2000,IE,2018,74,2
INTL,AC_RT,KM_GE2000,IE,2019,107,14
INTL,AC_RT,KM_GE2000,IE,2020,47,16
INTL,AC_RT,KM_GE2000,UK,2008,103,2
INTL,AC_RT,KM_GE2000,UK,2009,218,13
INTL,AC_RT,KM_GE2000,UK,2010,9,2
INTL,AC_RT,KM_GE2000,UK,2011,2864,67
INTL,AC_RT,KM_GE2000,UK,2012,2135,57
INTL,AC_RT,KM_GE2000,UK,2013,2,1
INTL,AC_RT,KM_GE2000,UK,2014,234,2
INTL,AC_RT,KM_GE2000,UK,2015,80263,220
INTL,AC_RT,KM_GE2000,UK,2016,31593,88
INTL,AC_RT,KM_GE2000,UK,2017,52,6
INTL,AC_RT,KM_GE2000,UK,2018,400,10
INTL,AC_RT,KM_GE2000,UK,2019,0,0
INTL,AC_RT,KM_GE2000,UK,2020,34,2
INTL,AC_RT,KM_LT300,IE,2008,75360,3043
INTL,AC_RT,KM_LT300,IE,2009,87675,3629
INTL,AC_RT,KM_LT300,IE,2010,165397,5323
INTL,AC_RT,KM_LT300,IE,2011,192909,5333
INTL,AC_RT,KM_LT300,IE,2012,185503,4683
INTL,AC_RT,KM_LT300,IE,2013,228595,5287
INTL,AC_RT,KM_LT300,IE,2014,287111,6257
INTL,AC_RT,KM_LT300,IE,2015,254550,5314
INTL,AC_RT,KM_LT300,IE,2016,338335,7140
INTL,AC_RT,KM_LT300,IE,2017,294147,5817
INTL,AC_RT,KM_LT300,IE,2018,283618,5585
INTL,AC_RT,KM_LT300,IE,2019,288417,5917
INTL,AC_RT,KM_LT300,IE,2020,51155,1536
INTL,AC_RT,KM_LT300,UK,2008,78834,2905
INTL,AC_RT,KM_LT300,UK,2009,90729,3406
INTL,AC_RT,KM_LT300,UK,2010,145592,4505
INTL,AC_RT,KM_LT300,UK,2011,177291,4751
INTL,AC_RT,KM_LT300,UK,2012,171083,4209
INTL,AC_RT,KM_LT300,UK,2013,212209,4906
INTL,AC_RT,KM_LT300,UK,2014,283781,6485
INTL,AC_RT,KM_LT300,UK,2015,170608,3666
INTL,AC_RT,KM_LT300,UK,2016,181385,3867
INTL,AC_RT,KM_LT300,UK,2017,177179,3424
INTL,AC_RT,KM_LT300,UK,2018,203317,3992
INTL,AC_RT,KM_LT300,UK,2019,189545,3884
INTL,AC_RT,KM_LT300,UK,2020,34710,1076
INTL,AC_WJ,KM1000-1499,IE,2008,30921,105
INTL,AC_WJ,KM1000-1499,IE,2009,12455,55
INTL,AC_WJ,KM1000-1499,IE,2010,7366,33
INTL,AC_WJ,KM1000-1499,IE,2011,3461,17
INTL,AC_WJ,KM1000-1499,IE,2012,1763,10
INTL,AC_WJ,KM1000-1499,IE,2013,8601,30
INTL,AC_WJ,KM1000-1499,IE,2014,1186,7
INTL,AC_WJ,KM1000-1499,IE,2015,4292,21
INTL,AC_WJ,KM1000-1499,IE,2016,4079,18
INTL,AC_WJ,KM1000-1499,IE,2017,2486,10
INTL,AC_WJ,KM1000-1499,IE,2018,3290,19
INTL,AC_WJ,KM1000-1499,IE,2019,46515,253
INTL,AC_WJ,KM1000-1499,IE,2020,2463,17
INTL,AC_WJ,KM1000-1499,UK,2008,487987,2411
INTL,AC_WJ,KM1000-1499,UK,2009,456154,2351
INTL,AC_WJ,KM1000-1499,UK,2010,652131,3460
INTL,AC_WJ,KM1000-1499,UK,2011,765160,4310
INTL,AC_WJ,KM1000-1499,UK,2012,907021,4907
INTL,AC_WJ,KM1000-1499,UK,2013,887797,4636
INTL,AC_WJ,KM1000-1499,UK,2014,831652,4559
INTL,AC_WJ,KM1000-1499,UK,2015,916916,4840
INTL,AC_WJ,KM1000-1499,UK,2016,861287,4523
INTL,AC_WJ,KM1000-1499,UK,2017,979602,4756
INTL,AC_WJ,KM1000-1499,UK,2018,934459,4385
INTL,AC_WJ,KM1000-1499,UK,2019,1333250,6379
INTL,AC_WJ,KM1000-1499,UK,2020,617077,4296
INTL,AC_WJ,KM1500-1999,IE,2008,149537,504
INTL,AC_WJ,KM1500-1999,IE,2009,144864,525
INTL,AC_WJ,KM1500-1999,IE,2010,132838,479
INTL,AC_WJ,KM1500-1999,IE,2011,125090,445
INTL,AC_WJ,KM1500-1999,IE,2012,131070,442
INTL,AC_WJ,KM1500-1999,IE,2013,120766,437
INTL,AC_WJ,KM1500-1999,IE,2014,138898,513
INTL,AC_WJ,KM1500-1999,IE,2015,134789,465
INTL,AC_WJ,KM1500-1999,IE,2016,126174,441
INTL,AC_WJ,KM1500-1999,IE,2017,150099,514
INTL,AC_WJ,KM1500-1999,IE,2018,139880,466
INTL,AC_WJ,KM1500-1999,IE,2019,149159,503
INTL,AC_WJ,KM1500-1999,IE,2020,5440,42
INTL,AC_WJ,KM1500-1999,UK,2008,338658,1320
INTL,AC_WJ,KM1500-1999,UK,2009,365827,1316
INTL,AC_WJ,KM1500-1999,UK,2010,483685,1662
INTL,AC_WJ,KM1500-1999,UK,2011,505312,1743
INTL,AC_WJ,KM1500-1999,UK,2012,503991,1783
INTL,AC_WJ,KM1500-1999,UK,2013,471561,1669
INTL,AC_WJ,KM1500-1999,UK,2014,284224,1089
INTL,AC_WJ,KM1500-1999,UK,2015,333085,1222
INTL,AC_WJ,KM1500-1999,UK,2016,564275,2245
INTL,AC_WJ,KM1500-1999,UK,2017,638758,2620
INTL,AC_WJ,KM1500-1999,UK,2018,676894,2816
INTL,AC_WJ,KM1500-1999,UK,2019,1350434,6158
INTL,AC_WJ,KM1500-1999,UK,2020,431449,2829
INTL,AC_WJ,KM300-499,IE,2008,5260,23
INTL,AC_WJ,KM300-499,IE,2009,13269,100
INTL,AC_WJ,KM300-499,IE,2010,7402,41
INTL,AC_WJ,KM300-499,IE,2011,2464,13
INTL,AC_WJ,KM300-499,IE,2012,2468,12
INTL,AC_WJ,KM300-499,IE,2013,1653,7
INTL,AC_WJ,KM300-499,IE,2014,1511,8
INTL,AC_WJ,KM300-499,IE,2015,2113,10
INTL,AC_WJ,KM300-499,IE,2016,3033,15
INTL,AC_WJ,KM300-499,IE,2017,668,4
INTL,AC_WJ,KM300-499,IE,2018,2234,16
INTL,AC_WJ,KM300-499,IE,2019,45383,285
INTL,AC_WJ,KM300-499,IE,2020,72610,897
INTL,AC_WJ,KM300-499,UK,2008,85729,576
INTL,AC_WJ,KM300-499,UK,2009,25868,287
INTL,AC_WJ,KM300-499,UK,2010,189655,1348
INTL,AC_WJ,KM300-499,UK,2011,90863,547
INTL,AC_WJ,KM300-499,UK,2012,53319,365
INTL,AC_WJ,KM300-499,UK,2013,39297,249
INTL,AC_WJ,KM300-499,UK,2014,140572,828
INTL,AC_WJ,KM300-499,UK,2015,198082,1092
INTL,AC_WJ,KM300-499,UK,2016,139631,800
INTL,AC_WJ,KM300-499,UK,2017,139713,780
INTL,AC_WJ,KM300-499,UK,2018,145671,917
INTL,AC_WJ,KM300-499,UK,2019,259069,1725
INTL,AC_WJ,KM300-499,UK,2020,162574,1720
INTL,AC_WJ,KM500-999,IE,2008,4338,22
INTL,AC_WJ,KM500-999,IE,2009,6063,28
INTL,AC_WJ,KM500-999,IE,2010,10105,52
INTL,AC_WJ,KM500-999,IE,2011,3401,19
INTL,AC_WJ,KM500-999,IE,2012,3787,21
INTL,AC_WJ,KM500-999,IE,2013,4301,18
INTL,AC_WJ,KM500-999,IE,2014,2748,13
INTL,AC_WJ,KM500-999,IE,2015,3823,17
INTL,AC_WJ,KM500-999,IE,2016,3756,19
INTL,AC_WJ,KM500-999,IE,2017,2815,12
INTL,AC_WJ,KM500-999,IE,2018,3816,19
INTL,AC_WJ,KM500-999,IE,2019,6897,41
INTL,AC_WJ,KM500-999,IE,2020,4004,56
INTL,AC_WJ,KM500-999,UK,2008,376933,2675
INTL,AC_WJ,KM500-999,UK,2009,281659,1839
INTL,AC_WJ,KM500-999,UK,2010,228675,1432
INTL,AC_WJ,KM500-999,UK,2011,216781,1376
INTL,AC_WJ,KM500-999,UK,2012,223635,1452
INTL,AC_WJ,KM500-999,UK,2013,260426,1483
INTL,AC_WJ,KM500-999,UK,2014,211348,1292
INTL,AC_WJ,KM500-999,UK,2015,145127,861
INTL,AC_WJ,KM500-999,UK,2016,128729,928
INTL,AC_WJ,KM500-999,UK,2017,172189,1056
INTL,AC_WJ,KM500-999,UK,2018,139623,842
INTL,AC_WJ,KM500-999,UK,2019,267526,1638
INTL,AC_WJ,KM500-999,UK,2020,168644,1404
INTL,AC_WJ,KM_GE2000,IE,2008,1983041,9434
INTL,AC_WJ,KM_GE2000,IE,2009,1696486,7804
INTL,AC_WJ,KM_GE2000,IE,2010,1572267,6956
INTL,AC_WJ,KM_GE2000,IE,2011,1539701,6775
INTL,AC_WJ,KM_GE2000,IE,2012,1889341,7900
INTL,AC_WJ,KM_GE2000,IE,2013,2136280,8736
INTL,AC_WJ,KM_GE2000,IE,2014,2226296,9019
INTL,AC_WJ,KM_GE2000,IE,2015,2604581,10702
INTL,AC_WJ,KM_GE2000,IE,2016,2892799,11409
INTL,AC_WJ,KM_GE2000,IE,2017,3380495,13761
INTL,AC_WJ,KM_GE2000,IE,2018,3729640,15030
INTL,AC_WJ,KM_GE2000,IE,2019,3909365,15442
INTL,AC_WJ,KM_GE2000,IE,2020,679879,4788
INTL,AC_WJ,KM_GE2000,UK,2008,34430457,166360
INTL,AC_WJ,KM_GE2000,UK,2009,33160710,156511
INTL,AC_WJ,KM_GE2000,UK,2010,33399099,150808
INTL,AC_WJ,KM_GE2000,UK,2011,33590185,155335
INTL,AC_WJ,KM_GE2000,UK,2012,33697955,155115
INTL,AC_WJ,KM_GE2000,UK,2013,33522207,151552
INTL,AC_WJ,KM_GE2000,UK,2014,32787639,148911
INTL,AC_WJ,KM_GE2000,UK,2015,30859720,140051
INTL,AC_WJ,KM_GE2000,UK,2016,30080866,139040
INTL,AC_WJ,KM_GE2000,UK,2017,29474251,131930
INTL,AC_WJ,KM_GE2000,UK,2018,30763342,133841
INTL,AC_WJ,KM_GE2000,UK,2019,32174377,138030
INTL,AC_WJ,KM_GE2000,UK,2020,7751673,44636
INTL,AC_WJ,KM_LT300,IE,2008,2665,31
INTL,AC_WJ,KM_LT300,IE,2009,2130,12
INTL,AC_WJ,KM_LT300,IE,2010,812,4
INTL,AC_WJ,KM_LT300,IE,2011,268,1
INTL,AC_WJ,KM_LT300,IE,2012,280,1
INTL,AC_WJ,KM_LT300,IE,2013,464,2
INTL,AC_WJ,KM_LT300,IE,2014,779,4
INTL,AC_WJ,KM_LT300,IE,2015,384,2
INTL,AC_WJ,KM_LT300,IE,2016,0,0
INTL,AC_WJ,KM_LT300,IE,2017,0,0
INTL,AC_WJ,KM_LT300,IE,2018,1190,4
INTL,AC_WJ,KM_LT300,IE,2019,358,2
INTL,AC_WJ,KM_LT300,IE,2020,0,0
INTL,AC_WJ,KM_LT300,UK,2008,2717,32
INTL,AC_WJ,KM_LT300,UK,2009,3203,14
INTL,AC_WJ,KM_LT300,UK,2010,1545,7
INTL,AC_WJ,KM_LT300,UK,2011,0,0
INTL,AC_WJ,KM_LT300,UK,2012,0,5
INTL,AC_WJ,KM_LT300,UK,2013,943,5
INTL,AC_WJ,KM_LT300,UK,2014,405,3
INTL,AC_WJ,KM_LT300,UK,2015,404,2
INTL,AC_WJ,KM_LT300,UK,2016,0,0
INTL,AC_WJ,KM_LT300,UK,2017,0,0
INTL,AC_WJ,KM_LT300,UK,2018,691,3
INTL,AC_WJ,KM_LT300,UK,2019,0,0
INTL,AC_WJ,KM_LT300,UK,2020,0,0
NAT,AC_JJ,KM1000-1499,IE,2008,0,0
NAT,AC_JJ,KM1000-1499,IE,2009,0,0
NAT,AC_JJ,KM1000-1499,IE,2010,0,0
NAT,AC_JJ,KM1000-1499,IE,2011,0,0
NAT,AC_JJ,KM1000-1499,IE,2012,0,0
NAT,AC_JJ,KM1000-1499,IE,2013,0,0
NAT,AC_JJ,KM1000-1499,IE,2014,0,0
NAT,AC_JJ,KM1000-1499,IE,2015,0,0
NAT,AC_JJ,KM1000-1499,IE,2016,0,0
NAT,AC_JJ,KM1000-1499,IE,2017,0,0
NAT,AC_JJ,KM1000-1499,IE,2018,0,0
NAT,AC_JJ,KM1000-1499,IE,2019,0,0
NAT,AC_JJ,KM1000-1499,IE,2020,0,0
NAT,AC_JJ,KM1000-1499,UK,2008,0,0
NAT,AC_JJ,KM1000-1499,UK,2009,0,0
NAT,AC_JJ,KM1000-1499,UK,2010,0,0
NAT,AC_JJ,KM1000-1499,UK,2011,0,0
NAT,AC_JJ,KM1000-1499,UK,2012,0,0
NAT,AC_JJ,KM1000-1499,UK,2013,0,0
NAT,AC_JJ,KM1000-1499,UK,2014,0,0
NAT,AC_JJ,KM1000-1499,UK,2015,0,0
NAT,AC_JJ,KM1000-1499,UK,2016,0,0
NAT,AC_JJ,KM1000-1499,UK,2017,0,0
NAT,AC_JJ,KM1000-1499,UK,2018,0,0
NAT,AC_JJ,KM1000-1499,UK,2019,0,0
NAT,AC_JJ,KM1000-1499,UK,2020,0,0
NAT,AC_JJ,KM1500-1999,IE,2008,0,0
NAT,AC_JJ,KM1500-1999,IE,2009,0,0
NAT,AC_JJ,KM1500-1999,IE,2010,0,0
NAT,AC_JJ,KM1500-1999,IE,2011,0,0
NAT,AC_JJ,KM1500-1999,IE,2012,0,0
NAT,AC_JJ,KM1500-1999,IE,2013,0,0
NAT,AC_JJ,KM1500-1999,IE,2014,0,0
NAT,AC_JJ,KM1500-1999,IE,2015,0,0
NAT,AC_JJ,KM1500-1999,IE,2016,0,0
NAT,AC_JJ,KM1500-1999,IE,2017,0,0
NAT,AC_JJ,KM1500-1999,IE,2018,0,0
NAT,AC_JJ,KM1500-1999,IE,2019,0,0
NAT,AC_JJ,KM1500-1999,IE,2020,0,0
NAT,AC_JJ,KM1500-1999,UK,2008,0,0
NAT,AC_JJ,KM1500-1999,UK,2009,0,0
NAT,AC_JJ,KM1500-1999,UK,2010,0,0
NAT,AC_JJ,KM1500-1999,UK,2011,0,0
NAT,AC_JJ,KM1500-1999,UK,2012,0,0
NAT,AC_JJ,KM1500-1999,UK,2013,0,0
NAT,AC_JJ,KM1500-1999,UK,2014,0,0
NAT,AC_JJ,KM1500-1999,UK,2015,0,0
NAT,AC_JJ,KM1500-1999,UK,2016,0,0
NAT,AC_JJ,KM1500-1999,UK,2017,0,0
NAT,AC_JJ,KM1500-1999,UK,2018,0,0
NAT,AC_JJ,KM1500-1999,UK,2019,0,0
NAT,AC_JJ,KM1500-1999,UK,2020,0,0
NAT,AC_JJ,KM300-499,IE,2008,0,0
NAT,AC_JJ,KM300-499,IE,2009,0,0
NAT,AC_JJ,KM300-499,IE,2010,0,0
NAT,AC_JJ,KM300-499,IE,2011,0,0
NAT,AC_JJ,KM300-499,IE,2012,0,0
NAT,AC_JJ,KM300-499,IE,2013,0,0
NAT,AC_JJ,KM300-499,IE,2014,0,0
NAT,AC_JJ,KM300-499,IE,2015,0,0
NAT,AC_JJ,KM300-499,IE,2016,0,0
NAT,AC_JJ,KM300-499,IE,2017,0,0
NAT,AC_JJ,KM300-499,IE,2018,0,0
NAT,AC_JJ,KM300-499,IE,2019,0,0
NAT,AC_JJ,KM300-499,IE,2020,0,0
NAT,AC_JJ,KM300-499,UK,2008,4080,43
NAT,AC_JJ,KM300-499,UK,2009,10733,117
NAT,AC_JJ,KM300-499,UK,2010,27010,224
NAT,AC_JJ,KM300-499,UK,2011,21318,194
NAT,AC_JJ,KM300-499,UK,2012,1639,10
NAT,AC_JJ,KM300-499,UK,2013,2545,15
NAT,AC_JJ,KM300-499,UK,2014,503,4
NAT,AC_JJ,KM300-499,UK,2015,797,5
NAT,AC_JJ,KM300-499,UK,2016,737,6
NAT,AC_JJ,KM300-499,UK,2017,196,1
NAT,AC_JJ,KM300-499,UK,2018,242,2
NAT,AC_JJ,KM300-499,UK,2019,0,0
NAT,AC_JJ,KM300-499,UK,2020,89,1
NAT,AC_JJ,KM500-999,IE,2008,0,0
NAT,AC_JJ,KM500-999,IE,2009,0,0
NAT,AC_JJ,KM500-999,IE,2010,0,0
NAT,AC_JJ,KM500-999,IE,2011,0,0
NAT,AC_JJ,KM500-999,IE,2012,0,0
NAT,AC_JJ,KM500-999,IE,2013,0,0
NAT,AC_JJ,KM500-999,IE,2014,0,0
NAT,AC_JJ,KM500-999,IE,2015,0,0
NAT,AC_JJ,KM500-999,IE,2016,0,0
NAT,AC_JJ,KM500-999,IE,2017,0,0
NAT,AC_JJ,KM500-999,IE,2018,0,0
NAT,AC_JJ,KM500-999,IE,2019,0,0
NAT,AC_JJ,KM500-999,IE,2020,0,0
NAT,AC_JJ,KM500-999,UK,2008,120054,1188
NAT,AC_JJ,KM500-999,UK,2009,4945,47
NAT,AC_JJ,KM500-999,UK,2010,5534,43
NAT,AC_JJ,KM500-999,UK,2011,5752,53
NAT,AC_JJ,KM500-999,UK,2012,3417,24
NAT,AC_JJ,KM500-999,UK,2013,15323,103
NAT,AC_JJ,KM500-999,UK,2014,600,7
NAT,AC_JJ,KM500-999,UK,2015,3379,22
NAT,AC_JJ,KM500-999,UK,2016,57,2
NAT,AC_JJ,KM500-999,UK,2017,374,2
NAT,AC_JJ,KM500-999,UK,2018,475,4
NAT,AC_JJ,KM500-999,UK,2019,158,1
NAT,AC_JJ,KM500-999,UK,2020,0,0
NAT,AC_JJ,KM_GE2000,IE,2008,0,0
NAT,AC_JJ,KM_GE2000,IE,2009,0,0
NAT,AC_JJ,KM_GE2000,IE,2010,0,0
NAT,AC_JJ,KM_GE2000,IE,2011,0,0
NAT,AC_JJ,KM_GE2000,IE,2012,0,0
NAT,AC_JJ,KM_GE2000,IE,2013,0,0
NAT,AC_JJ,KM_GE2000,IE,2014,0,0
NAT,AC_JJ,KM_GE2000,IE,2015,0,0
NAT,AC_JJ,KM_GE2000,IE,2016,0,0
NAT,AC_JJ,KM_GE2000,IE,2017,0,0
NAT,AC_JJ,KM_GE2000,IE,2018,0,0
NAT,AC_JJ,KM_GE2000,IE,2019,0,0
NAT,AC_JJ,KM_GE2000,IE,2020,0,0
NAT,AC_JJ,KM_GE2000,UK,2008,0,0
NAT,AC_JJ,KM_GE2000,UK,2009,0,0
NAT,AC_JJ,KM_GE2000,UK,2010,0,0
NAT,AC_JJ,KM_GE2000,UK,2011,0,0
NAT,AC_JJ,KM_GE2000,UK,2012,0,0
NAT,AC_JJ,KM_GE2000,UK,2013,0,0
NAT,AC_JJ,KM_GE2000,UK,2014,0,0
NAT,AC_JJ,KM_GE2000,UK,2015,0,0
NAT,AC_JJ,KM_GE2000,UK,2016,0,0
NAT,AC_JJ,KM_GE2000,UK,2017,0,0
NAT,AC_JJ,KM_GE2000,UK,2018,0,0
NAT,AC_JJ,KM_GE2000,UK,2019,0,0
NAT,AC_JJ,KM_GE2000,UK,2020,0,0
NAT,AC_JJ,KM_LT300,IE,2008,2210,23
NAT,AC_JJ,KM_LT300,IE,2009,0,0
NAT,AC_JJ,KM_LT300,IE,2010,393,5
NAT,AC_JJ,KM_LT300,IE,2011,0,1
NAT,AC_JJ,KM_LT300,IE,2012,62,2
NAT,AC_JJ,KM_LT300,IE,2013,348,1
NAT,AC_JJ,KM_LT300,IE,2014,0,1
NAT,AC_JJ,KM_LT300,IE,2015,515,8
NAT,AC_JJ,KM_LT300,IE,2016,311,3
NAT,AC_JJ,KM_LT300,IE,2017,128,1
NAT,AC_JJ,KM_LT300,IE,2018,679,6
NAT,AC_JJ,KM_LT300,IE,2019,335,3
NAT,AC_JJ,KM_LT300,IE,2020,0,0
NAT,AC_JJ,KM_LT300,UK,2008,118564,998
NAT,AC_JJ,KM_LT300,UK,2009,15787,132
NAT,AC_JJ,KM_LT300,UK,2010,11817,96
NAT,AC_JJ,KM_LT300,UK,2011,12756,115
NAT,AC_JJ,KM_LT300,UK,2012,11190,86
NAT,AC_JJ,KM_LT300,UK,2013,10485,91
NAT,AC_JJ,KM_LT300,UK,2014,7938,65
NAT,AC_JJ,KM_LT300,UK,2015,4330,23
NAT,AC_JJ,KM_LT300,UK,2016,4138,21
NAT,AC_JJ,KM_LT300,UK,2017,3214,29
NAT,AC_JJ,KM_LT300,UK,2018,2270,41
NAT,AC_JJ,KM_LT300,UK,2019,1139,7
NAT,AC_JJ,KM_LT300,UK,2020,150,2
NAT,AC_NJ,KM1000-1499,IE,2008,0,0
NAT,AC_NJ,KM1000-1499,IE,2009,0,0
NAT,AC_NJ,KM1000-1499,IE,2010,0,0
NAT,AC_NJ,KM1000-1499,IE,2011,0,0
NAT,AC_NJ,KM1000-1499,IE,2012,0,0
NAT,AC_NJ,KM1000-1499,IE,2013,0,0
NAT,AC_NJ,KM1000-1499,IE,2014,0,0
NAT,AC_NJ,KM1000-1499,IE,2015,0,0
NAT,AC_NJ,KM1000-1499,IE,2016,0,0
NAT,AC_NJ,KM1000-1499,IE,2017,0,0
NAT,AC_NJ,KM1000-1499,IE,2018,0,0
NAT,AC_NJ,KM1000-1499,IE,2019,0,0
NAT,AC_NJ,KM1000-1499,IE,2020,0,0
NAT,AC_NJ,KM1000-1499,UK,2008,0,0
NAT,AC_NJ,KM1000-1499,UK,2009,0,0
NAT,AC_NJ,KM1000-1499,UK,2010,0,0
NAT,AC_NJ,KM1000-1499,UK,2011,0,0
NAT,AC_NJ,KM1000-1499,UK,2012,0,0
NAT,AC_NJ,KM1000-1499,UK,2013,0,0
NAT,AC_NJ,KM1000-1499,UK,2014,0,0
NAT,AC_NJ,KM1000-1499,UK,2015,102,1
NAT,AC_NJ,KM1000-1499,UK,2016,0,0
NAT,AC_NJ,KM1000-1499,UK,2017,0,0
NAT,AC_NJ,KM1000-1499,UK,2018,0,0
NAT,AC_NJ,KM1000-1499,UK,2019,0,0
NAT,AC_NJ,KM1000-1499,UK,2020,0,0
NAT,AC_NJ,KM1500-1999,IE,2008,0,0
NAT,AC_NJ,KM1500-1999,IE,2009,0,0
NAT,AC_NJ,KM1500-1999,IE,2010,0,0
NAT,AC_NJ,KM1500-1999,IE,2011,0,0
NAT,AC_NJ,KM1500-1999,IE,2012,0,0
NAT,AC_NJ,KM1500-1999,IE,2013,0,0
NAT,AC_NJ,KM1500-1999,IE,2014,0,0
NAT,AC_NJ,KM1500-1999,IE,2015,0,0
NAT,AC_NJ,KM1500-1999,IE,2016,0,0
NAT,AC_NJ,KM1500-1999,IE,2017,0,0
NAT,AC_NJ,KM1500-1999,IE,2018,0,0
NAT,AC_NJ,KM1500-1999,IE,2019,0,0
NAT,AC_NJ,KM1500-1999,IE,2020,0,0
NAT,AC_NJ,KM1500-1999,UK,2008,0,0
NAT,AC_NJ,KM1500-1999,UK,2009,0,0
NAT,AC_NJ,KM1500-1999,UK,2010,0,0
NAT,AC_NJ,KM1500-1999,UK,2011,0,0
NAT,AC_NJ,KM1500-1999,UK,2012,0,0
NAT,AC_NJ,KM1500-1999,UK,2013,0,0
NAT,AC_NJ,KM1500-1999,UK,2014,0,0
NAT,AC_NJ,KM1500-1999,UK,2015,0,0
NAT,AC_NJ,KM1500-1999,UK,2016,0,0
NAT,AC_NJ,KM1500-1999,UK,2017,0,0
NAT,AC_NJ,KM1500-1999,UK,2018,0,0
NAT,AC_NJ,KM1500-1999,UK,2019,0,0
NAT,AC_NJ,KM1500-1999,UK,2020,0,0
NAT,AC_NJ,KM300-499,IE,2008,0,0
NAT,AC_NJ,KM300-499,IE,2009,0,0
NAT,AC_NJ,KM300-499,IE,2010,0,0
NAT,AC_NJ,KM300-499,IE,2011,0,0
NAT,AC_NJ,KM300-499,IE,2012,0,0
NAT,AC_NJ,KM300-499,IE,2013,0,0
NAT,AC_NJ,KM300-499,IE,2014,0,0
NAT,AC_NJ,KM300-499,IE,2015,0,0
NAT,AC_NJ,KM300-499,IE,2016,0,0
NAT,AC_NJ,KM300-499,IE,2017,0,0
NAT,AC_NJ,KM300-499,IE,2018,0,0
NAT,AC_NJ,KM300-499,IE,2019,0,0
NAT,AC_NJ,KM300-499,IE,2020,0,0
NAT,AC_NJ,KM300-499,UK,2008,3596251,37086
NAT,AC_NJ,KM300-499,UK,2009,2958807,29262
NAT,AC_NJ,KM300-499,UK,2010,2393800,24034
NAT,AC_NJ,KM300-499,UK,2011,2254183,21906
NAT,AC_NJ,KM300-499,UK,2012,2000089,17732
NAT,AC_NJ,KM300-499,UK,2013,1949861,16506
NAT,AC_NJ,KM300-499,UK,2014,2038814,16689
NAT,AC_NJ,KM300-499,UK,2015,2400586,21303
NAT,AC_NJ,KM300-499,UK,2016,2232964,17907
NAT,AC_NJ,KM300-499,UK,2017,2288281,17973
NAT,AC_NJ,KM300-499,UK,2018,2371032,17720
NAT,AC_NJ,KM300-499,UK,2019,2362642,17114
NAT,AC_NJ,KM300-499,UK,2020,725861,6312
NAT,AC_NJ,KM500-999,IE,2008,0,0
NAT,AC_NJ,KM500-999,IE,2009,0,0
NAT,AC_NJ,KM500-999,IE,2010,0,0
NAT,AC_NJ,KM500-999,IE,2011,0,0
NAT,AC_NJ,KM500-999,IE,2012,0,0
NAT,AC_NJ,KM500-999,IE,2013,0,0
NAT,AC_NJ,KM500-999,IE,2014,0,0
NAT,AC_NJ,KM500-999,IE,2015,0,0
NAT,AC_NJ,KM500-999,IE,2016,0,0
NAT,AC_NJ,KM500-999,IE,2017,0,0
NAT,AC_NJ,KM500-999,IE,2018,0,0
NAT,AC_NJ,KM500-999,IE,2019,0,0
NAT,AC_NJ,KM500-999,IE,2020,0,0
NAT,AC_NJ,KM500-999,UK,2008,8981281,84132
NAT,AC_NJ,KM500-999,UK,2009,8296658,73548
NAT,AC_NJ,KM500-999,UK,2010,7709515,68081
NAT,AC_NJ,KM500-999,UK,2011,7659888,64347
NAT,AC_NJ,KM500-999,UK,2012,7699470,64699
NAT,AC_NJ,KM500-999,UK,2013,7845866,67799
NAT,AC_NJ,KM500-999,UK,2014,8166125,67122
NAT,AC_NJ,KM500-999,UK,2015,8604508,68216
NAT,AC_NJ,KM500-999,UK,2016,8947117,67949
NAT,AC_NJ,KM500-999,UK,2017,8847473,65276
NAT,AC_NJ,KM500-999,UK,2018,8733269,63781
NAT,AC_NJ,KM500-999,UK,2019,8186286,59562
NAT,AC_NJ,KM500-999,UK,2020,2253169,20042
NAT,AC_NJ,KM_GE2000,IE,2008,0,0
NAT,AC_NJ,KM_GE2000,IE,2009,0,0
NAT,AC_NJ,KM_GE2000,IE,2010,0,0
NAT,AC_NJ,KM_GE2000,IE,2011,0,0
NAT,AC_NJ,KM_GE2000,IE,2012,0,0
NAT,AC_NJ,KM_GE2000,IE,2013,0,0
NAT,AC_NJ,KM_GE2000,IE,2014,0,0
NAT,AC_NJ,KM_GE2000,IE,2015,0,0
NAT,AC_NJ,KM_GE2000,IE,2016,0,0
NAT,AC_NJ,KM_GE2000,IE,2017,0,0
NAT,AC_NJ,KM_GE2000,IE,2018,0,0
NAT,AC_NJ,KM_GE2000,IE,2019,0,0
NAT,AC_NJ,KM_GE2000,IE,2020,0,0
NAT,AC_NJ,KM_GE2000,UK,2008,0,0
NAT,AC_NJ,KM_GE2000,UK,2009,0,0
NAT,AC_NJ,KM_GE2000,UK,2010,0,0
NAT,AC_NJ,KM_GE2000,UK,2011,0,0
NAT,AC_NJ,KM_GE2000,UK,2012,0,0
NAT,AC_NJ,KM_GE2000,UK,2013,0,0
NAT,AC_NJ,KM_GE2000,UK,2014,0,0
NAT,AC_NJ,KM_GE2000,UK,2015,0,0
NAT,AC_NJ,KM_GE2000,UK,2016,0,0
NAT,AC_NJ,KM_GE2000,UK,2017,0,0
NAT,AC_NJ,KM_GE2000,UK,2018,0,0
NAT,AC_NJ,KM_GE2000,UK,2019,0,0
NAT,AC_NJ,KM_GE2000,UK,2020,0,0
NAT,AC_NJ,KM_LT300,IE,2008,406076,4518
NAT,AC_NJ,KM_LT300,IE,2009,408413,5425
NAT,AC_NJ,KM_LT300,IE,2010,233012,4060
NAT,AC_NJ,KM_LT300,IE,2011,63632,1193
NAT,AC_NJ,KM_LT300,IE,2012,4346,52
NAT,AC_NJ,KM_LT300,IE,2013,9660,79
NAT,AC_NJ,KM_LT300,IE,2014,2513,29
NAT,AC_NJ,KM_LT300,IE,2015,9029,83
NAT,AC_NJ,KM_LT300,IE,2016,6184,61
NAT,AC_NJ,KM_LT300,IE,2017,3353,38
NAT,AC_NJ,KM_LT300,IE,2018,7043,73
NAT,AC_NJ,KM_LT300,IE,2019,4939,35
NAT,AC_NJ,KM_LT300,IE,2020,6,2
NAT,AC_NJ,KM_LT300,UK,2008,3273146,36645
NAT,AC_NJ,KM_LT300,UK,2009,3062296,30991
NAT,AC_NJ,KM_LT300,UK,2010,2751829,29492
NAT,AC_NJ,KM_LT300,UK,2011,2640319,26882
NAT,AC_NJ,KM_LT300,UK,2012,2780345,27621
NAT,AC_NJ,KM_LT300,UK,2013,2821895,28932
NAT,AC_NJ,KM_LT300,UK,2014,3080206,28578
NAT,AC_NJ,KM_LT300,UK,2015,3226409,27608
NAT,AC_NJ,KM_LT300,UK,2016,3265974,27412
NAT,AC_NJ,KM_LT300,UK,2017,3275840,26514
NAT,AC_NJ,KM_LT300,UK,2018,3440459,27555
NAT,AC_NJ,KM_LT300,UK,2019,3441206,26615
NAT,AC_NJ,KM_LT300,UK,2020,1067131,9275
NAT,AC_RJ,KM1000-1499,IE,2008,0,0
NAT,AC_RJ,KM1000-1499,IE,2009,0,0
NAT,AC_RJ,KM1000-1499,IE,2010,0,0
NAT,AC_RJ,KM1000-1499,IE,2011,0,0
NAT,AC_RJ,KM1000-1499,IE,2012,0,0
NAT,AC_RJ,KM1000-1499,IE,2013,0,0
NAT,AC_RJ,KM1000-1499,IE,2014,0,0
NAT,AC_RJ,KM1000-1499,IE,2015,0,0
NAT,AC_RJ,KM1000-1499,IE,2016,0,0
NAT,AC_RJ,KM1000-1499,IE,2017,0,0
NAT,AC_RJ,KM1000-1499,IE,2018,0,0
NAT,AC_RJ,KM1000-1499,IE,2019,0,0
NAT,AC_RJ,KM1000-1499,IE,2020,0,0
NAT,AC_RJ,KM1000-1499,UK,2008,0,0
NAT,AC_RJ,KM1000-1499,UK,2009,0,0
NAT,AC_RJ,KM1000-1499,UK,2010,0,0
NAT,AC_RJ,KM1000-1499,UK,2011,0,0
NAT,AC_RJ,KM1000-1499,UK,2012,0,0
NAT,AC_RJ,KM1000-1499,UK,2013,0,0
NAT,AC_RJ,KM1000-1499,UK,2014,0,0
NAT,AC_RJ,KM1000-1499,UK,2015,0,0
NAT,AC_RJ,KM1000-1499,UK,2016,0,0
NAT,AC_RJ,KM1000-1499,UK,2017,0,0
NAT,AC_RJ,KM1000-1499,UK,2018,0,0
NAT,AC_RJ,KM1000-1499,UK,2019,0,0
NAT,AC_RJ,KM1000-1499,UK,2020,0,0
NAT,AC_RJ,KM1500-1999,IE,2008,0,0
NAT,AC_RJ,KM1500-1999,IE,2009,0,0
NAT,AC_RJ,KM1500-1999,IE,2010,0,0
NAT,AC_RJ,KM1500-1999,IE,2011,0,0
NAT,AC_RJ,KM1500-1999,IE,2012,0,0
NAT,AC_RJ,KM1500-1999,IE,2013,0,0
NAT,AC_RJ,KM1500-1999,IE,2014,0,0
NAT,AC_RJ,KM1500-1999,IE,2015,0,0
NAT,AC_RJ,KM1500-1999,IE,2016,0,0
NAT,AC_RJ,KM1500-1999,IE,2017,0,0
NAT,AC_RJ,KM1500-1999,IE,2018,0,0
NAT,AC_RJ,KM1500-1999,IE,2019,0,0
NAT,AC_RJ,KM1500-1999,IE,2020,0,0
NAT,AC_RJ,KM1500-1999,UK,2008,0,0
NAT,AC_RJ,KM1500-1999,UK,2009,0,0
NAT,AC_RJ,KM1500-1999,UK,2010,0,0
NAT,AC_RJ,KM1500-1999,UK,2011,0,0
NAT,AC_RJ,KM1500-1999,UK,2012,0,0
NAT,AC_RJ,KM1500-1999,UK,2013,0,0
NAT,AC_RJ,KM1500-1999,UK,2014,0,0
NAT,AC_RJ,KM1500-1999,UK,2015,0,0
NAT,AC_RJ,KM1500-1999,UK,2016,0,0
NAT,AC_RJ,KM1500-1999,UK,2017,0,0
NAT,AC_RJ,KM1500-1999,UK,2018,0,0
NAT,AC_RJ,KM1500-1999,UK,2019,0,0
NAT,AC_RJ,KM1500-1999,UK,2020,0,0
NAT,AC_RJ,KM300-499,IE,2008,0,0
NAT,AC_RJ,KM300-499,IE,2009,0,0
NAT,AC_RJ,KM300-499,IE,2010,0,0
NAT,AC_RJ,KM300-499,IE,2011,0,0
NAT,AC_RJ,KM300-499,IE,2012,0,0
NAT,AC_RJ,KM300-499,IE,2013,0,0
NAT,AC_RJ,KM300-499,IE,2014,0,0
NAT,AC_RJ,KM300-499,IE,2015,0,0
NAT,AC_RJ,KM300-499,IE,2016,0,0
NAT,AC_RJ,KM300-499,IE,2017,0,0
NAT,AC_RJ,KM300-499,IE,2018,0,0
NAT,AC_RJ,KM300-499,IE,2019,0,0
NAT,AC_RJ,KM300-499,IE,2020,0,0
NAT,AC_RJ,KM300-499,UK,2008,748975,17910
NAT,AC_RJ,KM300-499,UK,2009,483213,10101
NAT,AC_RJ,KM300-499,UK,2010,542851,9842
NAT,AC_RJ,KM300-499,UK,2011,435090,7846
NAT,AC_RJ,KM300-499,UK,2012,705339,11959
NAT,AC_RJ,KM300-499,UK,2013,833855,13747
NAT,AC_RJ,KM300-499,UK,2014,497867,9243
NAT,AC_RJ,KM300-499,UK,2015,100493,2468
NAT,AC_RJ,KM300-499,UK,2016,315960,4608
NAT,AC_RJ,KM300-499,UK,2017,467467,7407
NAT,AC_RJ,KM300-499,UK,2018,483168,7438
NAT,AC_RJ,KM300-499,UK,2019,420332,9069
NAT,AC_RJ,KM300-499,UK,2020,70559,3015
NAT,AC_RJ,KM500-999,IE,2008,0,0
NAT,AC_RJ,KM500-999,IE,2009,0,0
NAT,AC_RJ,KM500-999,IE,2010,0,0
NAT,AC_RJ,KM500-999,IE,2011,0,0
NAT,AC_RJ,KM500-999,IE,2012,0,0
NAT,AC_RJ,KM500-999,IE,2013,0,0
NAT,AC_RJ,KM500-999,IE,2014,0,0
NAT,AC_RJ,KM500-999,IE,2015,0,0
NAT,AC_RJ,KM500-999,IE,2016,0,0
NAT,AC_RJ,KM500-999,IE,2017,0,0
NAT,AC_RJ,KM500-999,IE,2018,0,0
NAT,AC_RJ,KM500-999,IE,2019,0,0
NAT,AC_RJ,KM500-999,IE,2020,0,0
NAT,AC_RJ,KM500-999,UK,2008,1286818,24497
NAT,AC_RJ,KM500-999,UK,2009,1180428,21430
NAT,AC_RJ,KM500-999,UK,2010,992000,17524
NAT,AC_RJ,KM500-999,UK,2011,1101410,19240
NAT,AC_RJ,KM500-999,UK,2012,1125163,20163
NAT,AC_RJ,KM500-999,UK,2013,1177414,18415
NAT,AC_RJ,KM500-999,UK,2014,685407,11545
NAT,AC_RJ,KM500-999,UK,2015,650717,11388
NAT,AC_RJ,KM500-999,UK,2016,702617,11717
NAT,AC_RJ,KM500-999,UK,2017,696270,11632
NAT,AC_RJ,KM500-999,UK,2018,772584,12610
NAT,AC_RJ,KM500-999,UK,2019,847059,14967
NAT,AC_RJ,KM500-999,UK,2020,196050,5170
NAT,AC_RJ,KM_GE2000,IE,2008,0,0
NAT,AC_RJ,KM_GE2000,IE,2009,0,0
NAT,AC_RJ,KM_GE2000,IE,2010,0,0
NAT,AC_RJ,KM_GE2000,IE,2011,0,0
NAT,AC_RJ,KM_GE2000,IE,2012,0,0
NAT,AC_RJ,KM_GE2000,IE,2013,0,0
NAT,AC_RJ,KM_GE2000,IE,2014,0,0
NAT,AC_RJ,KM_GE2000,IE,2015,0,0
NAT,AC_RJ,KM_GE2000,IE,2016,0,0
NAT,AC_RJ,KM_GE2000,IE,2017,0,0
NAT,AC_RJ,KM_GE2000,IE,2018,0,0
NAT,AC_RJ,KM_GE2000,IE,2019,0,0
NAT,AC_RJ,KM_GE2000,IE,2020,0,0
NAT,AC_RJ,KM_GE2000,UK,2008,0,0
NAT,AC_RJ,KM_GE2000,UK,2009,0,0
NAT,AC_RJ,KM_GE2000,UK,2010,0,0
NAT,AC_RJ,KM_GE2000,UK,2011,0,0
NAT,AC_RJ,KM_GE2000,UK,2012,0,0
NAT,AC_RJ,KM_GE2000,UK,2013,0,0
NAT,AC_RJ,KM_GE2000,UK,2014,0,0
NAT,AC_RJ,KM_GE2000,UK,2015,0,0
NAT,AC_RJ,KM_GE2000,UK,2016,0,0
NAT,AC_RJ,KM_GE2000,UK,2017,0,0
NAT,AC_RJ,KM_GE2000,UK,2018,0,0
NAT,AC_RJ,KM_GE2000,UK,2019,0,0
NAT,AC_RJ,KM_GE2000,UK,2020,0,0
NAT,AC_RJ,KM_LT300,IE,2008,3846,113
NAT,AC_RJ,KM_LT300,IE,2009,1055,23
NAT,AC_RJ,KM_LT300,IE,2010,1090,77
NAT,AC_RJ,KM_LT300,IE,2011,80,86
NAT,AC_RJ,KM_LT300,IE,2012,21,68
NAT,AC_RJ,KM_LT300,IE,2013,0,0
NAT,AC_RJ,KM_LT300,IE,2014,103,2
NAT,AC_RJ,KM_LT300,IE,2015,46,2
NAT,AC_RJ,KM_LT300,IE,2016,14,1
NAT,AC_RJ,KM_LT300,IE,2017,0,0
NAT,AC_RJ,KM_LT300,IE,2018,237,3
NAT,AC_RJ,KM_LT300,IE,2019,349,7
NAT,AC_RJ,KM_LT300,IE,2020,1,1
NAT,AC_RJ,KM_LT300,UK,2008,847106,20523
NAT,AC_RJ,KM_LT300,UK,2009,462126,10378
NAT,AC_RJ,KM_LT300,UK,2010,438383,10309
NAT,AC_RJ,KM_LT300,UK,2011,475919,11141
NAT,AC_RJ,KM_LT300,UK,2012,438222,9787
NAT,AC_RJ,KM_LT300,UK,2013,515346,10270
NAT,AC_RJ,KM_LT300,UK,2014,403499,6849
NAT,AC_RJ,KM_LT300,UK,2015,303013,4404
NAT,AC_RJ,KM_LT300,UK,2016,325666,4653
NAT,AC_RJ,KM_LT300,UK,2017,330822,4876
NAT,AC_RJ,KM_LT300,UK,2018,310681,4295
NAT,AC_RJ,KM_LT300,UK,2019,449786,8799
NAT,AC_RJ,KM_LT300,UK,2020,97095,3826
NAT,AC_RT,KM1000-1499,IE,2008,0,0
NAT,AC_RT,KM1000-1499,IE,2009,0,0
NAT,AC_RT,KM1000-1499,IE,2010,0,0
NAT,AC_RT,KM1000-1499,IE,2011,0,0
NAT,AC_RT,KM1000-1499,IE,2012,0,0
NAT,AC_RT,KM1000-1499,IE,2013,0,0
NAT,AC_RT,KM1000-1499,IE,2014,0,0
NAT,AC_RT,KM1000-1499,IE,2015,0,0
NAT,AC_RT,KM1000-1499,IE,2016,0,0
NAT,AC_RT,KM1000-1499,IE,2017,0,0
NAT,AC_RT,KM1000-1499,IE,2018,0,0
NAT,AC_RT,KM1000-1499,IE,2019,0,0
NAT,AC_RT,KM1000-1499,IE,2020,0,0
NAT,AC_RT,KM1000-1499,UK,2008,0,0
NAT,AC_RT,KM1000-1499,UK,2009,0,0
NAT,AC_RT,KM1000-1499,UK,2010,49,1
NAT,AC_RT,KM1000-1499,UK,2011,0,0
NAT,AC_RT,KM1000-1499,UK,2012,0,0
NAT,AC_RT,KM1000-1499,UK,2013,0,0
NAT,AC_RT,KM1000-1499,UK,2014,0,0
NAT,AC_RT,KM1000-1499,UK,2015,0,0
NAT,AC_RT,KM1000-1499,UK,2016,63,2
NAT,AC_RT,KM1000-1499,UK,2017,0,0
NAT,AC_RT,KM1000-1499,UK,2018,0,0
NAT,AC_RT,KM1000-1499,UK,2019,0,0
NAT,AC_RT,KM1000-1499,UK,2020,0,0
NAT,AC_RT,KM1500-1999,IE,2008,0,0
NAT,AC_RT,KM1500-1999,IE,2009,0,0
NAT,AC_RT,KM1500-1999,IE,2010,0,0
NAT,AC_RT,KM1500-1999,IE,2011,0,0
NAT,AC_RT,KM1500-1999,IE,2012,0,0
NAT,AC_RT,KM1500-1999,IE,2013,0,0
NAT,AC_RT,KM1500-1999,IE,2014,0,0
NAT,AC_RT,KM1500-1999,IE,2015,0,0
NAT,AC_RT,KM1500-1999,IE,2016,0,0
NAT,AC_RT,KM1500-1999,IE,2017,0,0
NAT,AC_RT,KM1500-1999,IE,2018,0,0
NAT,AC_RT,KM1500-1999,IE,2019,0,0
NAT,AC_RT,KM1500-1999,IE,2020,0,0
NAT,AC_RT,KM1500-1999,UK,2008,0,0
NAT,AC_RT,KM1500-1999,UK,2009,0,0
NAT,AC_RT,KM1500-1999,UK,2010,0,0
NAT,AC_RT,KM1500-1999,UK,2011,0,0
NAT,AC_RT,KM1500-1999,UK,2012,0,0
NAT,AC_RT,KM1500-1999,UK,2013,0,0
NAT,AC_RT,KM1500-1999,UK,2014,0,0
NAT,AC_RT,KM1500-1999,UK,2015,0,0
NAT,AC_RT,KM1500-1999,UK,2016,0,0
NAT,AC_RT,KM1500-1999,UK,2017,0,0
NAT,AC_RT,KM1500-1999,UK,2018,0,0
NAT,AC_RT,KM1500-1999,UK,2019,0,0
NAT,AC_RT,KM1500-1999,UK,2020,0,0
NAT,AC_RT,KM300-499,IE,2008,0,0
NAT,AC_RT,KM300-499,IE,2009,185,4
NAT,AC_RT,KM300-499,IE,2010,15,1
NAT,AC_RT,KM300-499,IE,2011,0,0
NAT,AC_RT,KM300-499,IE,2012,0,0
NAT,AC_RT,KM300-499,IE,2013,76,2
NAT,AC_RT,KM300-499,IE,2014,0,0
NAT,AC_RT,KM300-499,IE,2015,0,0
NAT,AC_RT,KM300-499,IE,2016,0,0
NAT,AC_RT,KM300-499,IE,2017,0,0
NAT,AC_RT,KM300-499,IE,2018,0,0
NAT,AC_RT,KM300-499,IE,2019,0,0
NAT,AC_RT,KM300-499,IE,2020,0,0
NAT,AC_RT,KM300-499,UK,2008,2073046,64067
NAT,AC_RT,KM300-499,UK,2009,2376281,74249
NAT,AC_RT,KM300-499,UK,2010,2280828,71755
NAT,AC_RT,KM300-499,UK,2011,2347216,69302
NAT,AC_RT,KM300-499,UK,2012,2196938,65232
NAT,AC_RT,KM300-499,UK,2013,2224604,64063
NAT,AC_RT,KM300-499,UK,2014,2637055,67870
NAT,AC_RT,KM300-499,UK,2015,2840865,74001
NAT,AC_RT,KM300-499,UK,2016,2594887,67392
NAT,AC_RT,KM300-499,UK,2017,2627729,68093
NAT,AC_RT,KM300-499,UK,2018,2587164,61932
NAT,AC_RT,KM300-499,UK,2019,2446617,54138
NAT,AC_RT,KM300-499,UK,2020,357271,13826
NAT,AC_RT,KM500-999,IE,2008,0,0
NAT,AC_RT,KM500-999,IE,2009,0,0
NAT,AC_RT,KM500-999,IE,2010,0,0
NAT,AC_RT,KM500-999,IE,2011,0,0
NAT,AC_RT,KM500-999,IE,2012,0,0
NAT,AC_RT,KM500-999,IE,2013,0,0
NAT,AC_RT,KM500-999,IE,2014,0,0
NAT,AC_RT,KM500-999,IE,2015,0,0
NAT,AC_RT,KM500-999,IE,2016,0,0
NAT,AC_RT,KM500-999,IE,2017,0,0
NAT,AC_RT,KM500-999,IE,2018,0,0
NAT,AC_RT,KM500-999,IE,2019,0,0
NAT,AC_RT,KM500-999,IE,2020,0,0
NAT,AC_RT,KM500-999,UK,2008,783211,20936
NAT,AC_RT,KM500-999,UK,2009,881085,23327
NAT,AC_RT,KM500-999,UK,2010,917776,22974
NAT,AC_RT,KM500-999,UK,2011,950319,21717
NAT,AC_RT,KM500-999,UK,2012,814481,19708
NAT,AC_RT,KM500-999,UK,2013,571120,14005
NAT,AC_RT,KM500-999,UK,2014,854164,17380
NAT,AC_RT,KM500-999,UK,2015,1113590,22581
NAT,AC_RT,KM500-999,UK,2016,1148048,22843
NAT,AC_RT,KM500-999,UK,2017,1376735,26836
NAT,AC_RT,KM500-999,UK,2018,1442310,24907
NAT,AC_RT,KM500-999,UK,2019,1487956,24510
NAT,AC_RT,KM500-999,UK,2020,188127,4084
NAT,AC_RT,KM_GE2000,IE,2008,0,0
NAT,AC_RT,KM_GE2000,IE,2009,0,0
NAT,AC_RT,KM_GE2000,IE,2010,0,0
NAT,AC_RT,KM_GE2000,IE,2011,0,0
NAT,AC_RT,KM_GE2000,IE,2012,0,0
NAT,AC_RT,KM_GE2000,IE,2013,0,0
NAT,AC_RT,KM_GE2000,IE,2014,0,0
NAT,AC_RT,KM_GE2000,IE,2015,0,0
NAT,AC_RT,KM_GE2000,IE,2016,0,0
NAT,AC_RT,KM_GE2000,IE,2017,0,0
NAT,AC_RT,KM_GE2000,IE,2018,0,0
NAT,AC_RT,KM_GE2000,IE,2019,0,0
NAT,AC_RT,KM_GE2000,IE,2020,0,0
NAT,AC_RT,KM_GE2000,UK,2008,0,0
NAT,AC_RT,KM_GE2000,UK,2009,0,0
NAT,AC_RT,KM_GE2000,UK,2010,0,0
NAT,AC_RT,KM_GE2000,UK,2011,0,0
NAT,AC_RT,KM_GE2000,UK,2012,0,0
NAT,AC_RT,KM_GE2000,UK,2013,0,0
NAT,AC_RT,KM_GE2000,UK,2014,0,0
NAT,AC_RT,KM_GE2000,UK,2015,0,0
NAT,AC_RT,KM_GE2000,UK,2016,0,0
NAT,AC_RT,KM_GE2000,UK,2017,0,0
NAT,AC_RT,KM_GE2000,UK,2018,0,0
NAT,AC_RT,KM_GE2000,UK,2019,0,0
NAT,AC_RT,KM_GE2000,UK,2020,0,0
NAT,AC_RT,KM_LT300,IE,2008,352662,11070
NAT,AC_RT,KM_LT300,IE,2009,158348,6982
NAT,AC_RT,KM_LT300,IE,2010,111232,6511
NAT,AC_RT,KM_LT300,IE,2011,52542,3873
NAT,AC_RT,KM_LT300,IE,2012,51798,2925
NAT,AC_RT,KM_LT300,IE,2013,54859,2871
NAT,AC_RT,KM_LT300,IE,2014,59532,2880
NAT,AC_RT,KM_LT300,IE,2015,69119,2811
NAT,AC_RT,KM_LT300,IE,2016,80158,2890
NAT,AC_RT,KM_LT300,IE,2017,85295,2872
NAT,AC_RT,KM_LT300,IE,2018,94959,2848
NAT,AC_RT,KM_LT300,IE,2019,96163,2846
NAT,AC_RT,KM_LT300,IE,2020,31646,2698
NAT,AC_RT,KM_LT300,UK,2008,2392553,77624
NAT,AC_RT,KM_LT300,UK,2009,2480839,76051
NAT,AC_RT,KM_LT300,UK,2010,2257047,70612
NAT,AC_RT,KM_LT300,UK,2011,2273196,68082
NAT,AC_RT,KM_LT300,UK,2012,2125689,63559
NAT,AC_RT,KM_LT300,UK,2013,2075482,60469
NAT,AC_RT,KM_LT300,UK,2014,2195472,56684
NAT,AC_RT,KM_LT300,UK,2015,2233609,57676
NAT,AC_RT,KM_LT300,UK,2016,2017581,52036
NAT,AC_RT,KM_LT300,UK,2017,1942898,50326
NAT,AC_RT,KM_LT300,UK,2018,1870498,46321
NAT,AC_RT,KM_LT300,UK,2019,1769373,40476
NAT,AC_RT,KM_LT300,UK,2020,311883,10420
NAT,AC_WJ,KM1000-1499,IE,2008,0,0
NAT,AC_WJ,KM1000-1499,IE,2009,0,0
NAT,AC_WJ,KM1000-1499,IE,2010,0,0
NAT,AC_WJ,KM1000-1499,IE,2011,0,0
NAT,AC_WJ,KM1000-1499,IE,2012,0,0
NAT,AC_WJ,KM1000-1499,IE,2013,0,0
NAT,AC_WJ,KM1000-1499,IE,2014,0,0
NAT,AC_WJ,KM1000-1499,IE,2015,0,0
NAT,AC_WJ,KM1000-1499,IE,2016,0,0
NAT,AC_WJ,KM1000-1499,IE,2017,0,0
NAT,AC_WJ,KM1000-1499,IE,2018,0,0
NAT,AC_WJ,KM1000-1499,IE,2019,0,0
NAT,AC_WJ,KM1000-1499,IE,2020,0,0
NAT,AC_WJ,KM1000-1499,UK,2008,0,0
NAT,AC_WJ,KM1000-1499,UK,2009,0,0
NAT,AC_WJ,KM1000-1499,UK,2010,0,0
NAT,AC_WJ,KM1000-1499,UK,2011,0,0
NAT,AC_WJ,KM1000-1499,UK,2012,0,0
NAT,AC_WJ,KM1000-1499,UK,2013,0,0
NAT,AC_WJ,KM1000-1499,UK,2014,0,0
NAT,AC_WJ,KM1000-1499,UK,2015,0,0
NAT,AC_WJ,KM1000-1499,UK,2016,0,0
NAT,AC_WJ,KM1000-1499,UK,2017,0,0
NAT,AC_WJ,KM1000-1499,UK,2018,0,0
NAT,AC_WJ,KM1000-1499,UK,2019,0,0
NAT,AC_WJ,KM1000-1499,UK,2020,0,0
NAT,AC_WJ,KM1500-1999,IE,2008,0,0
NAT,AC_WJ,KM1500-1999,IE,2009,0,0
NAT,AC_WJ,KM1500-1999,IE,2010,0,0
NAT,AC_WJ,KM1500-1999,IE,2011,0,0
NAT,AC_WJ,KM1500-1999,IE,2012,0,0
NAT,AC_WJ,KM1500-1999,IE,2013,0,0
NAT,AC_WJ,KM1500-1999,IE,2014,0,0
NAT,AC_WJ,KM1500-1999,IE,2015,0,0
NAT,AC_WJ,KM1500-1999,IE,2016,0,0
NAT,AC_WJ,KM1500-1999,IE,2017,0,0
NAT,AC_WJ,KM1500-1999,IE,2018,0,0
NAT,AC_WJ,KM1500-1999,IE,2019,0,0
NAT,AC_WJ,KM1500-1999,IE,2020,0,0
NAT,AC_WJ,KM1500-1999,UK,2008,0,0
NAT,AC_WJ,KM1500-1999,UK,2009,0,0
NAT,AC_WJ,KM1500-1999,UK,2010,0,0
NAT,AC_WJ,KM1500-1999,UK,2011,0,0
NAT,AC_WJ,KM1500-1999,UK,2012,0,0
NAT,AC_WJ,KM1500-1999,UK,2013,0,0
NAT,AC_WJ,KM1500-1999,UK,2014,0,0
NAT,AC_WJ,KM1500-1999,UK,2015,0,0
NAT,AC_WJ,KM1500-1999,UK,2016,0,0
NAT,AC_WJ,KM1500-1999,UK,2017,0,0
NAT,AC_WJ,KM1500-1999,UK,2018,0,0
NAT,AC_WJ,KM1500-1999,UK,2019,0,0
NAT,AC_WJ,KM1500-1999,UK,2020,0,0
NAT,AC_WJ,KM300-499,IE,2008,0,0
NAT,AC_WJ,KM300-499,IE,2009,0,0
NAT,AC_WJ,KM300-499,IE,2010,0,0
NAT,AC_WJ,KM300-499,IE,2011,0,0
NAT,AC_WJ,KM300-499,IE,2012,0,0
NAT,AC_WJ,KM300-499,IE,2013,0,0
NAT,AC_WJ,KM300-499,IE,2014,0,0
NAT,AC_WJ,KM300-499,IE,2015,0,0
NAT,AC_WJ,KM300-499,IE,2016,0,0
NAT,AC_WJ,KM300-499,IE,2017,0,0
NAT,AC_WJ,KM300-499,IE,2018,0,0
NAT,AC_WJ,KM300-499,IE,2019,0,0
NAT,AC_WJ,KM300-499,IE,2020,0,0
NAT,AC_WJ,KM300-499,UK,2008,25027,259
NAT,AC_WJ,KM300-499,UK,2009,5699,33
NAT,AC_WJ,KM300-499,UK,2010,6898,36
NAT,AC_WJ,KM300-499,UK,2011,7642,40
NAT,AC_WJ,KM300-499,UK,2012,2673,16
NAT,AC_WJ,KM300-499,UK,2013,4894,22
NAT,AC_WJ,KM300-499,UK,2014,4073,17
NAT,AC_WJ,KM300-499,UK,2015,4784,23
NAT,AC_WJ,KM300-499,UK,2016,2354,43
NAT,AC_WJ,KM300-499,UK,2017,4,3
NAT,AC_WJ,KM300-499,UK,2018,667,4
NAT,AC_WJ,KM300-499,UK,2019,28207,172
NAT,AC_WJ,KM300-499,UK,2020,18888,138
NAT,AC_WJ,KM500-999,IE,2008,0,0
NAT,AC_WJ,KM500-999,IE,2009,0,0
NAT,AC_WJ,KM500-999,IE,2010,0,0
NAT,AC_WJ,KM500-999,IE,2011,0,0
NAT,AC_WJ,KM500-999,IE,2012,0,0
NAT,AC_WJ,KM500-999,IE,2013,0,0
NAT,AC_WJ,KM500-999,IE,2014,0,0
NAT,AC_WJ,KM500-999,IE,2015,0,0
NAT,AC_WJ,KM500-999,IE,2016,0,0
NAT,AC_WJ,KM500-999,IE,2017,0,0
NAT,AC_WJ,KM500-999,IE,2018,0,0
NAT,AC_WJ,KM500-999,IE,2019,0,0
NAT,AC_WJ,KM500-999,IE,2020,0,0
NAT,AC_WJ,KM500-999,UK,2008,32660,309
NAT,AC_WJ,KM500-999,UK,2009,12060,102
NAT,AC_WJ,KM500-999,UK,2010,11271,92
NAT,AC_WJ,KM500-999,UK,2011,19617,140
NAT,AC_WJ,KM500-999,UK,2012,99639,546
NAT,AC_WJ,KM500-999,UK,2013,413291,2273
NAT,AC_WJ,KM500-999,UK,2014,328283,1850
NAT,AC_WJ,KM500-999,UK,2015,306790,1713
NAT,AC_WJ,KM500-999,UK,2016,277834,1458
NAT,AC_WJ,KM500-999,UK,2017,299213,1605
NAT,AC_WJ,KM500-999,UK,2018,228974,1261
NAT,AC_WJ,KM500-999,UK,2019,193881,1151
NAT,AC_WJ,KM500-999,UK,2020,93395,679
NAT,AC_WJ,KM_GE2000,IE,2008,0,0
NAT,AC_WJ,KM_GE2000,IE,2009,0,0
NAT,AC_WJ,KM_GE2000,IE,2010,0,0
NAT,AC_WJ,KM_GE2000,IE,2011,0,0
NAT,AC_WJ,KM_GE2000,IE,2012,0,0
NAT,AC_WJ,KM_GE2000,IE,2013,0,0
NAT,AC_WJ,KM_GE2000,IE,2014,0,0
NAT,AC_WJ,KM_GE2000,IE,2015,0,0
NAT,AC_WJ,KM_GE2000,IE,2016,0,0
NAT,AC_WJ,KM_GE2000,IE,2017,0,0
NAT,AC_WJ,KM_GE2000,IE,2018,0,0
NAT,AC_WJ,KM_GE2000,IE,2019,0,0
NAT,AC_WJ,KM_GE2000,IE,2020,0,0
NAT,AC_WJ,KM_GE2000,UK,2008,0,0
NAT,AC_WJ,KM_GE2000,UK,2009,0,0
NAT,AC_WJ,KM_GE2000,UK,2010,0,0
NAT,AC_WJ,KM_GE2000,UK,2011,0,0
NAT,AC_WJ,KM_GE2000,UK,2012,0,0
NAT,AC_WJ,KM_GE2000,UK,2013,0,0
NAT,AC_WJ,KM_GE2000,UK,2014,0,0
NAT,AC_WJ,KM_GE2000,UK,2015,0,0
NAT,AC_WJ,KM_GE2000,UK,2016,0,0
NAT,AC_WJ,KM_GE2000,UK,2017,0,0
NAT,AC_WJ,KM_GE2000,UK,2018,0,0
NAT,AC_WJ,KM_GE2000,UK,2019,0,0
NAT,AC_WJ,KM_GE2000,UK,2020,0,0
NAT,AC_WJ,KM_LT300,IE,2008,191605,1586
NAT,AC_WJ,KM_LT300,IE,2009,110739,940
NAT,AC_WJ,KM_LT300,IE,2010,51801,464
NAT,AC_WJ,KM_LT300,IE,2011,9022,35
NAT,AC_WJ,KM_LT300,IE,2012,7894,33
NAT,AC_WJ,KM_LT300,IE,2013,6843,28
NAT,AC_WJ,KM_LT300,IE,2014,5739,26
NAT,AC_WJ,KM_LT300,IE,2015,814,4
NAT,AC_WJ,KM_LT300,IE,2016,0,0
NAT,AC_WJ,KM_LT300,IE,2017,186,1
NAT,AC_WJ,KM_LT300,IE,2018,1103,7
NAT,AC_WJ,KM_LT300,IE,2019,707,4
NAT,AC_WJ,KM_LT300,IE,2020,70,2
NAT,AC_WJ,KM_LT300,UK,2008,115447,820
NAT,AC_WJ,KM_LT300,UK,2009,53273,327
NAT,AC_WJ,KM_LT300,UK,2010,44643,244
NAT,AC_WJ,KM_LT300,UK,2011,47092,283
NAT,AC_WJ,KM_LT300,UK,2012,45470,183
NAT,AC_WJ,KM_LT300,UK,2013,22959,111
NAT,AC_WJ,KM_LT300,UK,2014,9044,42
NAT,AC_WJ,KM_LT300,UK,2015,6196,35
NAT,AC_WJ,KM_LT300,UK,2016,5688,54
NAT,AC_WJ,KM_LT300,UK,2017,3746,31
NAT,AC_WJ,KM_LT300,UK,2018,3793,43
NAT,AC_WJ,KM_LT300,UK,2019,29784,197
NAT,AC_WJ,KM_LT300,UK,2020,17593,154
